,Device,second,X_absdif,Y_absdif,Z_absdif,Device,second,X_avg,Y_avg,Z_avg
0,7,1970-01-01 00:22:16,3687.3958808360007,3283.9747811719035,3986.8119428639707,7,1970-01-01 00:22:16,0.4559594619636695,7.410138676130699,4.665211588029944
1,7,1970-01-01 00:22:17,60788.38818005768,63687.793177762185,74924.00864721568,7,1970-01-01 00:22:17,0.9072262297497865,6.07289635078383,4.970927904761203
2,7,1970-01-01 00:22:18,53778.390285990645,55347.90400469931,68945.81941224274,7,1970-01-01 00:22:18,0.7412402884187869,5.81095021211268,3.0370891830330846
3,7,1970-01-01 00:22:19,31594.49407051284,33003.001558794786,36655.679592297456,7,1970-01-01 00:22:19,0.8327625068424411,5.926072512405765,5.437881752373879
4,7,1970-01-01 00:22:20,35671.622621817536,35390.811626135575,39105.08096572049,7,1970-01-01 00:22:20,1.0048343797226411,5.853293839201061,3.8656631683437435
5,7,1970-01-01 00:22:21,48671.114099138125,48549.85247342028,55585.55359427861,7,1970-01-01 00:22:21,1.8508750770721498,4.348400148585605,6.015971898881958
6,7,1970-01-01 00:22:22,23477.815623471182,22753.567374078273,27099.46642127419,7,1970-01-01 00:22:22,0.4549701944169826,5.837656493533053,6.002708154756904
7,7,1970-01-01 00:22:23,24367.68766946021,25518.947447100716,27424.502732762372,7,1970-01-01 00:22:23,1.2755630050096232,4.283700227700923,4.402503067992702
8,8,1970-01-01 00:22:16,5369.004850688011,5989.629596516049,6474.282495220033,8,1970-01-01 00:22:16,0.2673640633424332,3.3579144724827756,8.437530828351138
9,8,1970-01-01 00:22:17,15842.34404187283,15767.840724938262,17486.401397380294,8,1970-01-01 00:22:17,0.07161572558508825,3.7499405191968647,8.266026461805922
10,8,1970-01-01 00:22:18,12668.517007878469,13853.786818492352,14991.971140540276,8,1970-01-01 00:22:18,0.25427174291844307,4.173048911950275,7.703201607762525
11,8,1970-01-01 00:22:19,19171.94690741649,19819.948552744103,23047.94371609254,8,1970-01-01 00:22:19,0.32814340093210015,3.298484520449562,7.206591283465001
12,8,1970-01-01 00:22:20,19389.164275196727,21741.548091013698,26142.09181136295,8,1970-01-01 00:22:20,0.16917820764807756,4.0398429471031925,7.8979444800747665
13,8,1970-01-01 00:22:21,8527.604371700247,8509.325796512154,9927.530892572147,8,1970-01-01 00:22:21,0.08977773505199711,3.6117475207369707,8.185687145590576
14,8,1970-01-01 00:22:22,13183.788354354541,14035.05998799215,15380.518891017908,8,1970-01-01 00:22:22,-0.18021967015043786,3.920255528495434,7.486916942610139
15,8,1970-01-01 00:22:23,10900.77292795638,12397.894304568184,13081.56752270805,8,1970-01-01 00:22:23,-0.23308727710569904,2.963897364727406,7.51705408801124
16,8,1970-01-01 00:22:24,17747.871530706532,19954.49032766393,19129.31525657102,8,1970-01-01 00:22:24,0.043745023245313985,1.2334164694271115,6.921320641998129
17,8,1970-01-01 00:22:25,14149.144100950893,15487.888101446191,17216.62354826434,8,1970-01-01 00:22:25,0.15548564158624467,3.460158782963259,8.117463840905527
18,8,1970-01-01 00:22:26,16206.361413536712,17408.30253310402,18702.208510706536,8,1970-01-01 00:22:26,0.4200301711236619,3.627813262983182,6.6424108392982495
19,8,1970-01-01 00:22:27,16859.307299870794,18555.026882856106,20951.867686916547,8,1970-01-01 00:22:27,-0.005069916890516855,3.5217346339635784,7.5354823151300785
20,8,1970-01-01 00:22:28,12730.094571638616,14709.090175074081,15902.069077563767,8,1970-01-01 00:22:28,0.09288044238340139,3.3714043022454225,8.016843543350783
21,9,1970-01-01 00:22:16,9923.254154632032,11261.085829316142,12520.940387103914,9,1970-01-01 00:22:16,0.5104634121317212,3.7808098047592718,7.022772935570257
22,9,1970-01-01 00:22:17,100588.07947963111,106110.57255996423,119023.35608647419,9,1970-01-01 00:22:17,0.6616786469765087,3.597068747511905,6.5677429704675205
23,12,1970-01-01 00:22:16,4468.863331195126,4649.850776331988,8464.746418260052,12,1970-01-01 00:22:16,-0.15138210995343823,6.658922161006471,3.1611450394203326
24,12,1970-01-01 00:22:17,236.4764762049999,288.5743121200005,339.16028310000087,12,1970-01-01 00:22:17,-1.202019008745719,6.806605523662672,6.844399656592466
25,23,1970-01-01 00:22:16,20025.65672392572,20131.187193986,21831.742113570162,23,1970-01-01 00:22:16,-0.02611533944619217,4.297664923180012,7.626323258010469
26,23,1970-01-01 00:22:17,23131.341150065295,22031.947613539935,24338.15819826086,23,1970-01-01 00:22:17,0.3544899764144909,1.2827250190703523,7.385616638535313
27,23,1970-01-01 00:22:18,169457.66536117904,162596.80889576467,189483.03533621354,23,1970-01-01 00:22:18,0.6434580252175114,3.7600027495771933,6.112870334598492
28,23,1970-01-01 00:22:19,21494.475048880646,21542.309640120224,24740.46263235081,23,1970-01-01 00:22:19,-1.0975419207635495,2.9289685475874494,6.793522696163118
29,25,1970-01-01 00:22:16,15545.532684480051,13907.170671477874,16813.539980017835,25,1970-01-01 00:22:16,2.0647229906334434,2.024304017546057,5.399123460487001
30,25,1970-01-01 00:22:17,16818.788097676283,16819.209406796188,20295.28400601419,25,1970-01-01 00:22:17,0.030928597281957987,3.9301432428365453,6.562494007670765
31,25,1970-01-01 00:22:18,71048.72068627478,66004.15657295595,78753.22354483239,25,1970-01-01 00:22:18,1.2633463414911075,4.3774080189974605,5.717731890350901
32,25,1970-01-01 00:22:19,95257.81071107763,85452.78474226892,102192.3323245206,25,1970-01-01 00:22:19,0.9281765978007814,4.543571970439866,6.353192126591255
33,25,1970-01-01 00:22:20,26220.95222887336,25560.72702829767,29682.92950482784,25,1970-01-01 00:22:20,0.26708078482797876,5.199812178020862,5.72377670940143
34,25,1970-01-01 00:22:21,20777.83998485935,20400.78187108689,23076.120453302137,25,1970-01-01 00:22:21,0.7405978880690209,4.344670325790132,4.664463740288537
35,25,1970-01-01 00:22:22,5384.693694570017,5085.43757711302,6214.236683513974,25,1970-01-01 00:22:22,2.4067653335589076,3.7371238007773817,7.243715128778817
36,26,1970-01-01 00:22:16,201262.80378563725,171093.8512918544,182914.7912229414,26,1970-01-01 00:22:16,-0.9140324959048208,5.91117474136829,1.6845862492718118
37,27,1970-01-01 00:22:16,93800.03258289112,86826.54672745087,98093.92951450689,27,1970-01-01 00:22:16,-0.19643514716721464,2.7481516721833237,5.850139844919602
38,27,1970-01-01 00:22:17,268500.3740696432,258503.44341316854,289280.27318323846,27,1970-01-01 00:22:17,0.06115467748405172,2.8854297537036646,5.753962707614622
39,27,1970-01-01 00:22:18,188489.13739262108,174436.859172921,196445.78155899403,27,1970-01-01 00:22:18,0.18004857442860323,2.822958120444115,6.271081408720819
40,33,1970-01-01 00:22:16,13682.499806409576,13691.159922179659,14689.310050159607,33,1970-01-01 00:22:16,1.388349503245085,-0.0009105976583315444,4.720935569579363
41,37,1970-01-01 00:22:16,52.46557939999999,85.39957991999994,52.56093100000001,37,1970-01-01 00:22:16,0.8849389329577466,3.572175997887324,8.571227345070422
42,37,1970-01-01 00:22:17,9625.567821746077,10778.325952408068,10040.647843208033,37,1970-01-01 00:22:17,0.5737567334724826,2.083392709410858,7.53663819306479
43,37,1970-01-01 00:22:18,64968.1732726224,66628.60290012065,78216.18091928161,37,1970-01-01 00:22:18,0.3188315440020133,3.038507740192854,6.628100232423308
44,37,1970-01-01 00:22:19,29479.02254638446,31315.56306629376,34814.92970275339,37,1970-01-01 00:22:19,0.5714204850924947,2.2088294273896363,7.546137071027522
45,39,1970-01-01 00:22:16,47789.15569821855,52500.82889583462,60975.28661558618,39,1970-01-01 00:22:16,0.3166361560094169,1.2085265304632276,3.589107574676095
46,39,1970-01-01 00:22:17,72000.41334207583,80010.79913710347,93659.40836496821,39,1970-01-01 00:22:17,0.054373858999203654,4.162786128898408,3.199347689382051
47,39,1970-01-01 00:22:18,48803.72175121311,49088.50959094199,65388.01964805085,39,1970-01-01 00:22:18,1.009657933214783,2.002132201915618,6.397180435337359
48,39,1970-01-01 00:22:22,10155.195068259074,9863.03860493802,14561.745290275701,39,1970-01-01 00:22:22,0.027353200303632946,2.3582712774660792,4.533802780738557
49,45,1970-01-01 00:22:16,34539.199590548,29324.56774484842,36443.76002910417,45,1970-01-01 00:22:16,-0.5019059854573379,2.8243695358478673,3.699568244934372
50,45,1970-01-01 00:22:17,186915.5458989644,159579.73804984917,195585.08813761966,45,1970-01-01 00:22:17,-0.22351658637050714,3.3872801279092366,1.762809942685177
51,45,1970-01-01 00:22:22,105087.62942177756,91205.93374208841,114418.83468729926,45,1970-01-01 00:22:22,-1.0385150527469502,3.072738041764194,2.8844061129550154
52,45,1970-01-01 00:22:23,105818.75601866156,92967.71260772839,106106.99010032663,45,1970-01-01 00:22:23,-1.2502932357238326,3.8741768121179634,2.8838595235788325
53,45,1970-01-01 00:22:24,19767.019852969257,16647.82414965192,22991.61009304405,45,1970-01-01 00:22:24,-0.8323322810889517,3.346311802641783,4.593896134422401
54,47,1970-01-01 00:22:16,9679.027701426954,8891.403853698981,10433.25453036984,47,1970-01-01 00:22:16,0.199394752483758,5.090436794921253,6.475762333203687
55,47,1970-01-01 00:22:17,2565.419733782007,2971.6194008950015,3154.7858635899825,47,1970-01-01 00:22:17,-0.3504886321236462,4.851661989939408,7.205464469951518
56,47,1970-01-01 00:22:18,6107.690758725175,6198.633857430164,7392.975231551927,47,1970-01-01 00:22:18,-0.5625272345748176,4.023488970163794,7.033150412779959
57,47,1970-01-01 00:22:20,8877.97419557915,9281.000406508021,10949.329319069833,47,1970-01-01 00:22:20,0.27757200147777367,4.223101367358173,5.770709834720058
58,47,1970-01-01 00:22:21,7451.419825505104,7390.073732868118,7948.589693003948,47,1970-01-01 00:22:21,0.11030394107896209,4.107582416432051,7.696699691018921
59,51,1970-01-01 00:22:16,119479.01563584697,139156.2509419092,129564.08302202042,51,1970-01-01 00:22:16,0.513372584079023,4.14086934785335,7.743269074746695
60,51,1970-01-01 00:22:17,158757.6220895154,155272.93709957856,195775.9314067996,51,1970-01-01 00:22:17,0.3969326218341116,3.961174065107707,7.9957046759683195
61,51,1970-01-01 00:22:18,6614.317381622045,6365.396983654014,7662.36493146601,51,1970-01-01 00:22:18,0.6737429221150348,4.2416197578374835,6.851008885636877
62,52,1970-01-01 00:22:16,13335.971539873175,13972.7910178001,16579.214668988072,52,1970-01-01 00:22:16,0.8141159999083346,4.478380835940396,5.829984848143474
63,52,1970-01-01 00:22:17,23497.882959938204,22704.808502618023,29748.932928297858,52,1970-01-01 00:22:17,0.6204617798190472,4.572665278302623,4.108175873032561
64,52,1970-01-01 00:22:18,5003.536765641011,4282.250019015967,5753.285828214011,52,1970-01-01 00:22:18,0.8209461960555022,5.566907904279765,4.811040608314763
65,57,1970-01-01 00:22:16,3328.581431863011,3027.3674412650034,3516.3515202200033,57,1970-01-01 00:22:16,-0.43870223684762394,4.713922437627533,6.101081529360208
66,57,1970-01-01 00:22:20,21284.954039331227,19198.730480810707,22723.984590982025,57,1970-01-01 00:22:20,0.11127756410639515,3.9653529142688946,5.1586189153277395
67,58,1970-01-01 00:22:16,51917.94578932531,48788.031230881716,52400.324084025706,58,1970-01-01 00:22:16,0.07692073005904027,-0.6007642942728546,3.0498096855420784
68,58,1970-01-01 00:22:17,63070.85875931621,63565.50879628554,65222.4644851632,58,1970-01-01 00:22:17,0.3733375199770994,0.688912627271168,3.5733563416799736
69,65,1970-01-01 00:22:16,3769.117961461981,3555.782506619967,4166.42355789197,65,1970-01-01 00:22:16,1.0231281899237112,5.530791330797142,5.674713501441219
70,67,1970-01-01 00:22:16,13357.43417725404,13883.92863861986,17128.704199315853,67,1970-01-01 00:22:16,0.7304416793249957,4.555922222431555,3.357927295468884
71,67,1970-01-01 00:22:17,9225.470228832019,9949.337105438028,9162.857390406029,67,1970-01-01 00:22:17,2.967206165598649,-1.1417137332208975,2.9014465164228596
72,68,1970-01-01 00:22:16,39616.2616930257,41609.46326524377,47953.60002082486,68,1970-01-01 00:22:16,0.5243675875498274,2.2706229291837943,5.284380469216157
73,68,1970-01-01 00:22:17,31444.870448032947,29796.205208035743,36267.94222129611,68,1970-01-01 00:22:17,0.7223374287931292,6.277496832491356,4.5934872573788805
74,68,1970-01-01 00:22:18,69994.237570101,61085.24362980091,73714.78882362621,68,1970-01-01 00:22:18,-0.36743209786704145,5.011448164135353,4.343939751250388
75,68,1970-01-01 00:22:19,71908.90917097389,61452.87823189254,77628.90789155205,68,1970-01-01 00:22:19,0.7088898483381284,5.564292621714745,4.572460791083467
76,68,1970-01-01 00:22:20,50719.075207757334,45075.811054481695,51813.01473992352,68,1970-01-01 00:22:20,0.47678722446344884,5.723252774654099,3.6522134612828148
77,68,1970-01-01 00:22:21,22956.486821746763,19472.75185155776,24834.498697130563,68,1970-01-01 00:22:21,1.0827562571954,6.592178681663449,5.174459742851051
78,68,1970-01-01 00:22:22,89104.14254540099,75675.92875240526,94555.75905599509,68,1970-01-01 00:22:22,0.5039114316269702,3.6083029093973105,4.850971227116938
79,68,1970-01-01 00:22:23,32698.01470074951,28774.666521591214,33566.70783463576,68,1970-01-01 00:22:23,0.28066450585680724,5.9816685273705295,4.292029151526045
80,68,1970-01-01 00:22:24,58030.809709722904,53026.683733875354,64690.76217103133,68,1970-01-01 00:22:24,-0.5383402320358645,5.4207718144840475,4.631261539544659
81,68,1970-01-01 00:22:25,106909.87780388708,94862.41442522785,113819.85090652146,68,1970-01-01 00:22:25,0.49674097929103284,4.978320829611428,4.274363243722951
82,68,1970-01-01 00:22:26,63464.23434127885,61125.57841971757,63038.52651310105,68,1970-01-01 00:22:26,-0.1566832056470128,3.9980773544394386,4.267786781974789
83,68,1970-01-01 00:22:27,19387.325906857524,18193.405511360157,16932.445740096708,68,1970-01-01 00:22:27,-0.3341653863315702,7.080559144952892,2.9579002675564903
84,68,1970-01-01 00:22:28,4266.084341480978,3598.657625460007,3933.424443085967,68,1970-01-01 00:22:28,-2.2600439714711444,4.022214889434007,2.867710912902739
85,70,1970-01-01 00:22:16,51065.07266996775,53715.14923081099,63274.3842230241,70,1970-01-01 00:22:16,-0.8938566532214366,2.9401942284435103,6.217103322033056
86,71,1970-01-01 00:22:16,35653.88186828176,31567.414108127345,38625.99689670466,71,1970-01-01 00:22:16,0.1857813910271695,5.468664101874575,6.007834311837833
87,71,1970-01-01 00:22:17,4544.819885262207,4098.092045875397,5170.743737624001,71,1970-01-01 00:22:17,0.642090306338073,5.427358184322901,7.039737136244097
88,73,1970-01-01 00:22:16,7569.844450149992,6511.065016869986,6634.859345109999,73,1970-01-01 00:22:16,2.895459251590272,1.2694352992794684,4.112523755078396
89,74,1970-01-01 00:22:16,21308.34382250981,21746.02483068214,26785.159420696014,74,1970-01-01 00:22:16,-0.7503901015830046,-4.102006332677785,2.4442597616931243
90,75,1970-01-01 00:22:16,79549.77884509537,79127.9978739699,79806.68499460738,75,1970-01-01 00:22:16,0.2825403891385594,-1.3628404739264446,4.01305354129074
91,78,1970-01-01 00:22:16,25147.438587875142,26677.058142395355,25017.337033240456,78,1970-01-01 00:22:16,-3.3030647895413057,-1.126727137471521,4.567453063354573
92,78,1970-01-01 00:22:18,78184.84114688817,88812.38947918142,78470.75922897022,78,1970-01-01 00:22:18,-2.3604389179223655,-2.6252411402704006,3.125263038875841
93,78,1970-01-01 00:22:19,214560.73129022596,196509.82933094527,218038.9522044247,78,1970-01-01 00:22:19,-2.3856007705917692,-2.4113589953257595,5.3326149316214995
94,79,1970-01-01 00:22:16,29861.98692198895,29144.185943297998,37332.41224765648,79,1970-01-01 00:22:16,0.6596561807960636,4.973695190083583,7.149130619185698
95,81,1970-01-01 00:22:16,6288.977629278128,5603.751691339998,7991.807119124018,81,1970-01-01 00:22:16,0.08059356382351142,5.796475599637321,5.108547583163215
96,81,1970-01-01 00:22:17,3503.124497522036,2440.7933501219272,4213.580547894023,81,1970-01-01 00:22:17,-0.6753120662721944,8.49616864427963,3.04098448998718
97,87,1970-01-01 00:22:16,17889.291737080704,17263.804267690666,20208.93205015055,87,1970-01-01 00:22:16,0.9391266505318293,5.905314955765824,6.517529762286834
98,87,1970-01-01 00:22:17,82969.36942126963,67146.67887099169,93173.82933929905,87,1970-01-01 00:22:17,1.8380151945536523,6.763744980320617,4.11105137771112
99,87,1970-01-01 00:22:18,28918.790351880027,24665.727478693185,34402.73734420066,87,1970-01-01 00:22:18,1.2980569954938408,7.408913142277039,4.7959928218176335
100,89,1970-01-01 00:22:16,6210.708143989919,5411.387837259994,7965.560545379807,89,1970-01-01 00:22:16,0.8910949883022931,4.944201347317584,7.017358770911613
101,90,1970-01-01 00:22:16,1743.285304965976,2011.6656966720388,3345.944748867948,90,1970-01-01 00:22:16,-3.0150327716760734,6.906563459124471,3.0382644125133345
102,91,1970-01-01 00:22:16,62310.07440143641,55465.93350687653,79208.30122064223,91,1970-01-01 00:22:16,1.1122382340597343,5.079583760847318,3.577026929350937
103,92,1970-01-01 00:22:16,7489.574222270025,5871.651042953997,9629.70787460398,92,1970-01-01 00:22:16,-0.42797833552877146,6.814755602757163,2.8407871904844217
104,94,1970-01-01 00:22:16,3571.748042279929,2853.0354748000245,3685.8856758799543,94,1970-01-01 00:22:16,-1.8755805566599781,7.242274661912082,0.6616442769349025
105,95,1970-01-01 00:22:16,53237.55715029842,49309.140310998926,66570.68823499829,95,1970-01-01 00:22:16,0.7804253424011026,6.110507569279748,5.358626609993128
106,96,1970-01-01 00:22:16,2186.6257634879976,2373.319013139997,3807.3298336920207,96,1970-01-01 00:22:16,0.02211837138158739,7.294553782197814,5.052962430434643
107,99,1970-01-01 00:22:16,3591.6758491089963,3455.6477911569577,3795.300957159993,99,1970-01-01 00:22:16,-4.5806722111172595,0.8024876428978766,7.719718223424445
108,99,1970-01-01 00:22:17,10375.396626888687,9472.429620163388,10991.009278182197,99,1970-01-01 00:22:17,-2.431641776671521,4.8796983874404045,6.60084289245289
109,104,1970-01-01 00:22:16,14155.339982243682,13940.976434799957,18113.882226045887,104,1970-01-01 00:22:16,-0.8134452436935596,4.704048682736188,7.040750325905893
110,105,1970-01-01 00:22:16,28317.936910994806,26854.67701764102,30997.86901478803,105,1970-01-01 00:22:16,-1.1467859254106847,5.943806788241236,4.295262021532568
111,108,1970-01-01 00:22:16,8726.028865018085,8209.163962538027,13202.368687893915,108,1970-01-01 00:22:16,-0.4915713359855063,6.776131858708989,-1.0063237422779046
112,110,1970-01-01 00:22:16,19777.627463462442,16983.232958734963,25385.914775110934,110,1970-01-01 00:22:16,1.0439306527937549,5.2957210466816225,5.814003369851446
113,110,1970-01-01 00:22:17,575611.1218814488,490205.74504564644,657828.3989653237,110,1970-01-01 00:22:17,1.025184235750254,3.345337592099028,2.25203521704183
114,111,1970-01-01 00:22:16,1120.428526895003,1238.4006816499978,1892.980265326001,111,1970-01-01 00:22:16,0.27560548270482543,7.5890991518336675,5.240057049140368
115,116,1970-01-01 00:22:16,14928.778108810424,16719.22033313992,17433.14979855997,116,1970-01-01 00:22:16,0.6388382622408072,5.063048792268687,4.786643632786604
116,117,1970-01-01 00:22:16,3860.3062174998245,3053.9409552599273,5299.8685226397265,117,1970-01-01 00:22:16,0.20818101605301312,8.16030806040682,5.9189860497042694
117,117,1970-01-01 00:22:17,7878.186281650059,6215.890927839987,10619.567554359917,117,1970-01-01 00:22:17,2.26680657281507,2.7243764359646843,7.392652740766975
118,120,1970-01-01 00:22:16,20860.802166306014,22439.441489149387,34137.44004356692,120,1970-01-01 00:22:16,1.552985372066206,3.893400949009248,3.7580803456155043
119,122,1970-01-01 00:22:16,6598.159525724182,5920.070539998192,8780.180051999825,122,1970-01-01 00:22:16,-2.1341411449067493,-3.751181940601382,15.26706865339116
120,124,1970-01-01 00:22:16,4974.470958729875,4114.900947512074,4750.826577315902,124,1970-01-01 00:22:16,1.5169880513218952,8.524264952358156,0.8216244212780447
121,126,1970-01-01 00:22:16,6057.275728549892,5740.58576415997,20349.22585020209,126,1970-01-01 00:22:16,-1.657973465605491,3.2720980076401345,11.655754976400207
122,127,1970-01-01 00:22:16,2849.705773368009,2681.516463370064,2869.184193106009,127,1970-01-01 00:22:16,4.013426514840367,1.126258539862962,7.990153665080957
123,129,1970-01-01 00:22:16,7035.60256718997,6166.553953444007,9313.971640036,129,1970-01-01 00:22:16,1.1672353884173685,7.485641195232236,3.066116509218265
124,134,1970-01-01 00:22:16,4702.67178110195,3971.814821901921,6660.066476339843,134,1970-01-01 00:22:16,0.328504004151749,6.921390040049814,2.822768006140539
125,137,1970-01-01 00:22:16,670.8258109870009,763.9729166020021,854.1310499000068,137,1970-01-01 00:22:16,-0.13326384935832003,1.3283748366063572,9.441249706632636
126,137,1970-01-01 00:22:17,21465.71715557492,23706.22881325383,39435.903221081724,137,1970-01-01 00:22:17,-1.8070690355716892,4.126301319882447,6.278948243594834
127,137,1970-01-01 00:22:18,4675.18346248464,6451.713337765277,14289.404872139705,137,1970-01-01 00:22:18,0.34352470913042504,5.660234122300099,7.475923659595783
128,137,1970-01-01 00:22:19,4475.2376979919945,5591.575456312964,6160.047689680002,137,1970-01-01 00:22:19,-3.694644787251594,2.318920102107064,6.888126953462352
129,137,1970-01-01 00:22:21,55940.9787764687,54992.75458152422,122017.17932098983,137,1970-01-01 00:22:21,-3.2590617904379764,1.368893526550379,7.671033084344409
130,142,1970-01-01 00:22:16,2396.1562558760006,2189.999629779983,4776.505408136002,142,1970-01-01 00:22:16,-0.2442049143608119,7.342592813720534,1.7104598242234086
131,145,1970-01-01 00:22:16,3484.0745077956035,3101.4551047440045,3490.898913756,145,1970-01-01 00:22:16,1.5293696580962055,5.319087363125574,5.943912631938999
132,148,1970-01-01 00:22:16,21999.629744479247,22911.46045069789,22872.927458807895,148,1970-01-01 00:22:16,0.7760094985096752,6.608621934492791,3.090173997753661
133,149,1970-01-01 00:22:16,1835.9264380306208,993.1286199999904,1449.4044471898032,149,1970-01-01 00:22:16,1.4100476122739676,7.715166653118812,-2.2448652425603153
134,152,1970-01-01 00:22:16,4644.031715724044,3570.7833646839986,7151.959218306102,152,1970-01-01 00:22:16,-2.3357208377743475,6.618251134894865,-1.7502406113557796
135,156,1970-01-01 00:22:16,3193.2021118559796,2511.532141575979,4205.895572090034,156,1970-01-01 00:22:16,-1.0987892555647487,6.270684634239115,0.7789116358656933
136,156,1970-01-01 00:22:22,3456.512702543974,3057.6373797959695,5049.004306059987,156,1970-01-01 00:22:22,3.887662238303522,5.102421507358988,1.297291443057523
137,157,1970-01-01 00:22:16,20718.032938208427,19602.70262833636,23179.090075978074,157,1970-01-01 00:22:16,0.17902843326343604,-1.273642970902199,3.101534474087645
138,158,1970-01-01 00:22:16,8285.987934816261,8186.503190818159,12069.53656697763,158,1970-01-01 00:22:16,0.02706029746287034,2.1249062604954636,7.998278202190952
139,159,1970-01-01 00:22:16,4484.70708683004,3424.8806017600687,4746.983829680056,159,1970-01-01 00:22:16,-0.3374407713618684,6.876346603873151,-0.19277774719151283
140,162,1970-01-01 00:22:16,42948.05841683337,38777.34265714561,47542.37281209279,162,1970-01-01 00:22:16,2.0481614822234495,5.611000746469542,3.1446759266120448
141,163,1970-01-01 00:22:16,691.0623828460002,474.7414735829992,655.5898867500001,163,1970-01-01 00:22:16,2.936902118320273,6.266453327972346,-2.7725958757616285
142,163,1970-01-01 00:22:18,12145.514710166077,12116.942375647752,13482.99447780765,163,1970-01-01 00:22:18,2.136134501110318,3.5598546834338753,3.302744992752757
143,168,1970-01-01 00:22:16,1914.5306077120076,2008.9978056299992,2302.6648126279865,168,1970-01-01 00:22:16,5.667197534004711,5.15937054689201,3.013611805569006
144,169,1970-01-01 00:22:16,5144.551662999837,4555.763944399848,5415.369095999805,169,1970-01-01 00:22:16,-2.812850095300114,3.202493277495014,0.0444969611696491
145,174,1970-01-01 00:22:16,1016.0370724699975,1088.5654276500002,1503.0189688799985,174,1970-01-01 00:22:16,-0.8187049765729328,2.269942249960452,5.374950607381368
146,174,1970-01-01 00:22:18,1002.958099089974,1031.3701383599644,1990.838511439992,174,1970-01-01 00:22:18,-1.1687980779905083,8.365227148198134,4.889613926886927
147,175,1970-01-01 00:22:16,4434.185887947929,5089.379111922117,8471.78818198809,175,1970-01-01 00:22:16,7.8654955357073995,-0.2526154747782011,-2.216284706905174
148,177,1970-01-01 00:22:16,14193.557012259565,16363.344015409553,24489.400031496327,177,1970-01-01 00:22:16,6.0773214520133925,-0.5491891974284192,3.926199762946193
149,183,1970-01-01 00:22:16,39609.6924260674,41634.90634558694,51979.67288070097,183,1970-01-01 00:22:16,3.3917757393970764,2.8032311100570375,4.258744260211806
150,187,1970-01-01 00:22:16,5061.610873292021,5755.4530659400125,6290.2657890300125,187,1970-01-01 00:22:16,0.7034998573643918,5.080639566951985,6.293851771366009
151,188,1970-01-01 00:22:16,11106.424051278216,11344.550929632243,11162.656005623998,188,1970-01-01 00:22:16,1.9658522722105398,2.4075718115347735,3.0943978516948625
152,189,1970-01-01 00:22:16,135625.1537244165,126785.94309099528,149501.85632063885,189,1970-01-01 00:22:16,0.1318127827898124,3.6323362258315406,7.232051841829428
153,189,1970-01-01 00:22:17,15964.314179580168,15577.659767460274,17177.682889140426,189,1970-01-01 00:22:17,0.41447095630625663,2.9074688999304574,8.278737226010856
154,190,1970-01-01 00:22:16,13440.530126509902,10849.680718682004,14482.177742635942,190,1970-01-01 00:22:16,-1.2317493509857504,6.330269332917679,4.680258773242943
155,194,1970-01-01 00:22:16,6298.388454819897,5830.494071079779,7545.642644179395,194,1970-01-01 00:22:16,-7.028768871504424,-0.7224686917528521,1.0403647155685882
156,196,1970-01-01 00:22:16,12183.828257490715,11149.363402441082,14487.16875410256,196,1970-01-01 00:22:16,-1.300594333539316,3.9822960242692713,-2.2838471795974655
157,204,1970-01-01 00:22:16,5860.430154154002,5770.2636714739965,7285.305132363994,204,1970-01-01 00:22:16,2.1795413856124455,2.2709085377350875,7.991156136436712
158,206,1970-01-01 00:22:16,3371.8767065199527,2915.637826680053,3092.690157180056,206,1970-01-01 00:22:16,0.9862764386555122,6.077618659277977,6.708672101279728
159,207,1970-01-01 00:22:16,35514.575851787726,34890.91151471222,47983.218182340206,207,1970-01-01 00:22:16,2.378610885472776,6.127128878926296,3.618657089993723
160,211,1970-01-01 00:22:16,1061.413483011996,1397.1461135060117,1254.8818081499867,211,1970-01-01 00:22:16,-0.514689468051887,2.492789757278321,8.26654334851221
161,213,1970-01-01 00:22:16,1200.4293352980017,1039.6087710139961,1214.2854646999976,213,1970-01-01 00:22:16,2.789781894793352,-0.4745314540024671,7.683908381946388
162,213,1970-01-01 00:22:27,96.76404922800016,90.09859981000001,93.69950770000017,213,1970-01-01 00:22:27,-3.02023620295433,-1.3711888108447492,9.252332103881276
163,216,1970-01-01 00:22:16,1746.7329257000251,1626.2950280000143,2022.430039120025,216,1970-01-01 00:22:16,-1.637714875902868,6.812514119873151,6.458339512667924
164,219,1970-01-01 00:22:16,6705.421557836389,6672.41043641009,7705.201716159034,219,1970-01-01 00:22:16,1.0609286917766372,5.313782010444117,3.5665286183444085
165,219,1970-01-01 00:22:18,19880.10052966586,21114.388233014233,21010.49898566654,219,1970-01-01 00:22:18,0.42795273357797303,-0.9701985520645448,1.1851408325383914
166,222,1970-01-01 00:22:16,3277.104188159829,2765.800051320102,4483.576820159942,222,1970-01-01 00:22:16,1.3653225400627582,7.242419236042718,4.261685322747226
167,224,1970-01-01 00:22:16,12807.825916402082,12010.177396423862,14182.159785309837,224,1970-01-01 00:22:16,2.5280979391409537,2.8567044351714705,7.060399473122595
168,224,1970-01-01 00:22:17,17066.00964794987,15946.81206337786,19386.944225855903,224,1970-01-01 00:22:17,2.808238025427595,2.575712683717591,5.4004734511305275
169,229,1970-01-01 00:22:16,6540.0791087987645,5471.535267948994,9573.289384999312,229,1970-01-01 00:22:16,-0.32474614027865567,8.427436479734224,3.833820730525763
170,232,1970-01-01 00:22:16,11786.017803173938,9303.32791398659,15368.000808795998,232,1970-01-01 00:22:16,2.17428705336287,8.226525526207705,0.6544568393649095
171,233,1970-01-01 00:22:16,19702.702922451143,21185.38774813383,24016.95679183591,233,1970-01-01 00:22:16,1.3216637544087249,5.22176628071636,5.642565306504929
172,233,1970-01-01 00:22:17,3199.6311164750236,3237.9610059000242,4839.999166723941,233,1970-01-01 00:22:17,-1.5946085539611408,4.814418222972345,4.65728608578813
173,234,1970-01-01 00:22:16,17785.66251197839,17298.282370637895,19233.11827459835,234,1970-01-01 00:22:16,1.1052071367677057,6.097662775278089,4.6725818938497765
174,236,1970-01-01 00:22:16,24378.879899455038,26316.170025871546,25461.340033991597,236,1970-01-01 00:22:16,3.7758040645360063,-6.013220382361178,0.27285043206922016
175,236,1970-01-01 00:22:17,2968.418593693031,2650.220022146016,3750.6351928439544,236,1970-01-01 00:22:17,1.446692185266498,-0.6503681662481279,9.674269064044626
176,237,1970-01-01 00:22:16,20207.801187878606,18522.555726118913,22344.250211537612,237,1970-01-01 00:22:16,0.35850524535802936,-1.4967747702884346,7.354638690678368
177,239,1970-01-01 00:22:16,7505.61156030895,6419.829561059883,5235.369449839868,239,1970-01-01 00:22:16,-0.5001847362961463,-3.3956779701952873,11.146465245963599
178,239,1970-01-01 00:22:17,780.8545248800626,1398.5197352000362,1215.7174819999725,239,1970-01-01 00:22:17,-0.2045630297598101,-4.350537973816926,11.359636482614047
179,240,1970-01-01 00:22:16,58180.7352712834,53409.43522290353,81035.20584985756,240,1970-01-01 00:22:16,0.26833312516162666,1.6016652702809855,8.520440505806986
180,261,1970-01-01 00:22:16,15033.268274722139,13909.430051838171,18958.991668886025,261,1970-01-01 00:22:16,3.1598541203938875,1.5868513394606971,2.0274031081257116
181,263,1970-01-01 00:22:16,1533.534761056802,1215.105003291803,1655.0854146399975,263,1970-01-01 00:22:16,-6.0921882541801775,1.2477845029031924,6.2455807859589845
182,268,1970-01-01 00:22:16,32280.02674079957,27714.9842320514,34518.39811984061,268,1970-01-01 00:22:16,0.5588206558876474,-1.6612840010012895,0.9400289940220202
183,269,1970-01-01 00:22:16,22677.45666888004,20059.925422385753,24748.852648569897,269,1970-01-01 00:22:16,0.8003207250742735,4.089654309941801,3.3044767063627987
184,269,1970-01-01 00:22:19,63078.554072409745,57934.72090256467,68291.60594265448,269,1970-01-01 00:22:19,2.2405184175073627,2.1544926715127426,6.147448647320712
185,269,1970-01-01 00:22:20,26520.492201339897,25575.975391340573,31089.84632944074,269,1970-01-01 00:22:20,3.592032017928803,2.0895084637022245,5.197999035342472
186,269,1970-01-01 00:22:21,13845.560381120233,13445.353450140292,14930.393559170385,269,1970-01-01 00:22:21,4.478994018847474,0.5446853901382078,4.981891516566703
187,269,1970-01-01 00:22:22,91012.79707303172,82142.08344008346,116376.93569131178,269,1970-01-01 00:22:22,4.126644146179302,2.8405671042556047,2.1787556173602773
188,269,1970-01-01 00:22:23,142997.23745753063,136307.10023293624,164564.13229108535,269,1970-01-01 00:22:23,2.914843010244536,1.2940894486084928,4.079758648379424
189,269,1970-01-01 00:22:24,194942.5610393022,157688.60918866118,202354.1000916847,269,1970-01-01 00:22:24,1.288383091829643,2.847912680504223,5.808245986266482
190,269,1970-01-01 00:22:25,74470.53119412488,62111.74128216479,80022.51133997901,269,1970-01-01 00:22:25,2.0444678112578765,2.385637850537327,4.758213947198221
191,269,1970-01-01 00:22:29,77101.61482858218,72061.63737001974,89902.53448792093,269,1970-01-01 00:22:29,3.0062163921029414,3.366163661983237,5.011056618087471
192,270,1970-01-01 00:22:16,2913.106348933211,2256.8777098360715,5315.081550073963,270,1970-01-01 00:22:16,-0.040455113094358335,4.823198748605237,7.113905673148598
193,271,1970-01-01 00:22:16,4118.218429295743,3424.4363187559516,4213.105476735063,271,1970-01-01 00:22:16,-1.4593779436790753,6.013590615838115,4.754212486105409
194,271,1970-01-01 00:22:17,6724.7077607012925,5393.88404991409,7439.764095525894,271,1970-01-01 00:22:17,0.41563435819468636,4.467025143136675,6.13133065043504
195,271,1970-01-01 00:22:18,2713.4157843429884,2449.5173170097723,3057.453028539988,271,1970-01-01 00:22:18,0.55699803735108,2.8172554413532853,7.613231876123072
196,273,1970-01-01 00:22:16,23918.66264059831,22924.45584999867,40254.92719280666,273,1970-01-01 00:22:16,-0.05590681489544528,4.4607396624188045,7.264360028900253
197,274,1970-01-01 00:22:16,108510.1246767992,103763.33189853319,121632.23594297188,274,1970-01-01 00:22:16,0.651651521368822,2.787647344035968,4.863205277410209
198,274,1970-01-01 00:22:17,76173.61487527864,70690.16462434201,86505.24705735022,274,1970-01-01 00:22:17,-0.5139426258647305,3.747764537978225,4.575324774951026
199,275,1970-01-01 00:22:16,44543.83616061873,45678.827367779406,39395.01428558031,275,1970-01-01 00:22:16,-0.7916462754917104,-2.3803414115931663,6.7750579224533105
200,277,1970-01-01 00:22:16,2865.228881875959,2031.8046215239774,2931.6894128559566,277,1970-01-01 00:22:16,2.7653791977198754,7.748106891798005,-1.4202660716528726
201,281,1970-01-01 00:22:16,5479.069626289862,6736.40963285969,5064.432032799948,281,1970-01-01 00:22:16,3.9038084324624527,-2.6299864350054105,8.285932007466688
202,282,1970-01-01 00:22:16,20065.671192648628,24079.61679606485,29859.02754181252,282,1970-01-01 00:22:16,-2.725381802581085,2.0288469434812235,2.797456224360318
203,283,1970-01-01 00:22:16,10.816733500000002,26.958474099999997,32.97976284000001,283,1970-01-01 00:22:16,-2.209765074074074,9.274548555555555,-0.39081314925925925
204,283,1970-01-01 00:22:29,9069.04262571398,8436.954986882029,14388.443921352024,283,1970-01-01 00:22:29,2.9632897220633105,2.4869891992980366,6.604922698590446
205,283,1970-01-01 00:22:30,7644.263182728857,6978.139914492062,10724.975130170067,283,1970-01-01 00:22:30,2.0988778095290477,5.730124947895031,0.6480622155805741
206,284,1970-01-01 00:22:16,6931.462934363889,6152.7535734185385,7410.80130687512,284,1970-01-01 00:22:16,3.6169371633994647,3.0331404864317744,-1.666142608652814
207,284,1970-01-01 00:22:42,12111.749186775485,11899.202136445132,14984.368506869676,284,1970-01-01 00:22:42,2.990165453190674,4.574388594236559,3.3884798750958183
208,285,1970-01-01 00:22:16,14732.146102483102,3336.0044350999246,13061.076945364573,285,1970-01-01 00:22:16,-0.4088042091471239,0.15259675634863817,-8.873384454558986
209,289,1970-01-01 00:22:16,10214.523334315936,8860.226835427982,12075.368501552097,289,1970-01-01 00:22:16,2.920285444777637,0.8964013888856681,7.386949827756865
210,290,1970-01-01 00:22:16,9218.672549090079,7232.626600732075,10127.689702301943,290,1970-01-01 00:22:16,0.8711422758945739,5.830089195505141,5.97582211793222
211,291,1970-01-01 00:22:16,7201.110171061927,8247.251279230291,9028.3826521291,291,1970-01-01 00:22:16,-0.5970884373276713,1.0400561954798875,0.9842879532179859
212,294,1970-01-01 00:22:16,9813.485102311812,6750.1646014642065,9982.0690638584,294,1970-01-01 00:22:16,-3.2729160328583515,0.8108691550593902,8.732819017535103
213,296,1970-01-01 00:22:16,12586.664368140273,12085.984651961715,14722.255342013474,296,1970-01-01 00:22:16,1.9984278471685557,4.811651865093921,6.908201344076809
214,297,1970-01-01 00:22:16,20777.74810351896,22305.37573464917,29417.115376257978,297,1970-01-01 00:22:16,0.25369421407226106,3.4821861565018795,4.882824257748267
215,298,1970-01-01 00:22:16,9964.569268579102,9577.531035618998,11879.979086958521,298,1970-01-01 00:22:16,0.9018410498510022,6.2140248281414365,6.264167788853862
216,299,1970-01-01 00:22:16,10830.343747500052,13198.38140140195,14739.184390123934,299,1970-01-01 00:22:16,-0.2165558782809858,-2.3291342355719404,-2.0638809407128917
217,302,1970-01-01 00:22:16,5662.1873511899785,6494.630484352021,9017.90365000001,302,1970-01-01 00:22:16,-0.2835585156290887,-1.7187704500566054,-7.267664723299035
218,306,1970-01-01 00:22:16,2167.57528076004,1760.8539525999597,2750.979184660058,306,1970-01-01 00:22:16,3.9091358306269823,7.6811163036151076,2.402776488933418
219,309,1970-01-01 00:22:16,19611.49953090597,18929.651260395534,22494.385596730233,309,1970-01-01 00:22:16,0.817898132705676,4.107342055811541,1.9181358982359882
220,312,1970-01-01 00:22:16,1780.1964285499864,1330.361480920022,1954.379405679975,312,1970-01-01 00:22:16,0.15403595201922568,3.2169530163269253,0.2876137055324203
221,313,1970-01-01 00:22:16,23111.16090463216,22077.149251963765,24125.767010493513,313,1970-01-01 00:22:16,-0.018202079607918004,-3.8122140184622486,10.47609750668045
222,314,1970-01-01 00:22:16,6000.132499436078,6166.624897716078,10319.952509585997,314,1970-01-01 00:22:16,6.787332944493932,1.675094050939067,1.8309612053330893
223,323,1970-01-01 00:22:16,22034.899801324842,28646.31327153872,24477.304211696162,323,1970-01-01 00:22:16,0.30749804549871523,4.537288837845048,6.4484004495867895
224,325,1970-01-01 00:22:16,20244.135857870162,22859.7298801604,26554.39271327814,325,1970-01-01 00:22:16,0.8661222918889816,0.5456434440566422,1.6462377836682023
225,333,1970-01-01 00:22:16,14095.066192924063,14682.51121386019,17921.360741424298,333,1970-01-01 00:22:16,5.867307177982307,-1.761777000932719,2.541685233104531
226,335,1970-01-01 00:22:16,1290.885594163999,1085.6614396900047,1491.601718528003,335,1970-01-01 00:22:16,2.3921440331188877,5.692266601341045,6.119731909363006
227,338,1970-01-01 00:22:16,2692.7445629999343,2341.6981970000234,3348.9120505998353,338,1970-01-01 00:22:16,1.2924790582213694,6.4552976360844685,2.697285369545716
228,341,1970-01-01 00:22:16,6040.773502383948,6095.955547163994,6488.894071460096,341,1970-01-01 00:22:16,1.8295055004878584,2.579930477528937,8.300454029607799
229,343,1970-01-01 00:22:16,714.7414115490029,737.9876914019997,1384.5173350000014,343,1970-01-01 00:22:16,0.7148544572578382,6.096615371415142,8.116306766857715
230,344,1970-01-01 00:22:16,17656.888107699786,16932.168684499804,19814.316595999975,344,1970-01-01 00:22:16,2.2666426027600393,2.705485272295675,6.056689902062497
231,345,1970-01-01 00:22:16,10102.128264338025,12164.992464596105,15484.374571829438,345,1970-01-01 00:22:16,-3.5318720374242867,0.7663306688477217,5.953609753732803
232,350,1970-01-01 00:22:16,36412.2568340173,32886.639353831844,40245.22517075406,350,1970-01-01 00:22:16,1.405261320408253,5.972204972305604,4.425881862700033
233,360,1970-01-01 00:22:16,5404.247302472071,4234.6464381479855,6855.425530968037,360,1970-01-01 00:22:16,-0.07881268741896016,7.199555233638932,5.903609919146651
234,361,1970-01-01 00:22:16,3348.835686783774,3467.347205265972,2419.756182371992,361,1970-01-01 00:22:16,1.1892707188821832,3.5734024803484807,7.678437553900835
235,366,1970-01-01 00:22:16,26269.813025116793,24903.969006061365,28875.662195797897,366,1970-01-01 00:22:16,1.6662861898383816,3.2856920721083953,5.284085184455999
236,369,1970-01-01 00:22:16,6145.541686225028,5244.800958919957,8552.22997666002,369,1970-01-01 00:22:16,1.4564881592614747,5.821191429861998,3.608769408230151
237,369,1970-01-01 00:22:18,6407.023056525016,6140.546109080002,7274.898353479988,369,1970-01-01 00:22:18,0.06127634023161723,5.612508516789647,6.7637459020150335
238,370,1970-01-01 00:22:16,3303.241453379991,3161.6638905199984,4269.86901887998,370,1970-01-01 00:22:16,2.4232519914244044,6.12069289937521,3.0946300717735293
239,371,1970-01-01 00:22:16,3048.9882517748892,2484.4550619850947,2675.851158525993,371,1970-01-01 00:22:16,1.2010681739305684,1.5966979340967835,7.152129121203156
240,376,1970-01-01 00:22:16,54659.63171826185,65741.48827266319,77754.11470497523,376,1970-01-01 00:22:16,-0.49369503829708977,2.213939439916075,4.274197962006397
241,378,1970-01-01 00:22:16,2736.420392602045,2241.768182243974,2659.11190464203,378,1970-01-01 00:22:16,1.331293245588037,7.807018040715411,1.572318773945975
242,381,1970-01-01 00:22:16,12041.2090618599,10462.142963583841,17245.261920699675,381,1970-01-01 00:22:16,-2.6226035376182293,3.4207506119250857,6.709183800740208
243,390,1970-01-01 00:22:16,1004.2143792959965,911.2427550899977,824.620518073998,390,1970-01-01 00:22:16,1.3405365921111747,3.930339751623663,5.50685749443103
244,390,1970-01-01 00:22:17,2673.690777476013,2514.5147781899886,3407.1322546600063,390,1970-01-01 00:22:17,2.4697440157166684,3.2150010323902496,7.084483554043272
245,394,1970-01-01 00:22:16,225800.03440291405,216117.516636264,304384.92023396783,394,1970-01-01 00:22:16,0.05707942156066585,3.4791058768681684,4.800867205676757
246,398,1970-01-01 00:22:16,4608.692086034022,3997.702808504011,5971.092280040007,398,1970-01-01 00:22:16,-0.6526220776924352,5.147027273448432,6.969424390720156
247,399,1970-01-01 00:22:16,83317.89404476986,103777.96970268857,99749.79490019272,399,1970-01-01 00:22:16,0.6257798771828589,5.957472774889009,4.251439075208684
248,399,1970-01-01 00:22:17,7977.633262666333,7333.391882912007,8407.986192977869,399,1970-01-01 00:22:17,-0.34854545299154754,5.56561679702484,5.4880689262064335
249,401,1970-01-01 00:22:16,2106.01848981999,2507.830699368006,3033.936140200003,401,1970-01-01 00:22:16,-0.7250456482324313,4.769817745524782,8.514074233203736
250,404,1970-01-01 00:22:16,1534.3938314500392,1587.721188320042,1689.6868458000154,404,1970-01-01 00:22:16,-0.45380892461875205,2.547069195920824,8.82799695947287
251,411,1970-01-01 00:22:16,11532.017273321913,13267.995435683693,13711.095247539983,411,1970-01-01 00:22:16,2.313480627737624,2.775360452796428,6.640030339006715
252,412,1970-01-01 00:22:16,1822.7797362780036,1898.2716332839914,2352.973699000006,412,1970-01-01 00:22:16,4.493603399292107,0.06671368006167668,9.12251843762501
253,413,1970-01-01 00:22:16,3401.109901724029,2784.1106162420133,4977.252208409071,413,1970-01-01 00:22:16,4.251713174640204,6.171883470460317,0.3219059669573718
254,415,1970-01-01 00:22:16,1107.5240696319636,1196.4368838979753,1433.484435227,415,1970-01-01 00:22:16,8.138633669569467,-0.9508994693816393,5.896317584862128
255,417,1970-01-01 00:22:16,8997.833278836075,8820.932277562042,10944.712135027903,417,1970-01-01 00:22:16,1.0000142994285248,4.516831104124372,5.675302867155673
256,417,1970-01-01 00:22:17,8831.351755648111,8285.393758816146,11039.101281489897,417,1970-01-01 00:22:17,1.093243489109389,3.5890641353790724,6.500845740906237
257,421,1970-01-01 00:22:16,9314.520563998418,9419.638028298466,12799.717682138848,421,1970-01-01 00:22:16,5.187175958606873,-2.0744147316880053,6.616514940410978
258,422,1970-01-01 00:22:16,13370.89459600038,12940.633188400156,14343.119849000885,422,1970-01-01 00:22:16,0.3888441462992462,-3.6642556054142434,13.43558264758034
259,423,1970-01-01 00:22:16,1251.2672975000146,1166.6848850400152,1144.3131904000118,423,1970-01-01 00:22:16,3.373404686629602,-5.583224971262147,10.432147182285926
260,425,1970-01-01 00:22:16,2519.8260114700074,2169.033628399989,3723.652767171979,425,1970-01-01 00:22:16,-0.7026791857855766,4.8941906943858555,8.228551794030832
261,433,1970-01-01 00:22:16,3500.2079314504026,3834.747187170213,4071.291227200201,433,1970-01-01 00:22:16,0.15601126777481678,0.6130041905053212,9.522952929547126
262,438,1970-01-01 00:22:16,43433.34677388437,36438.839833423874,46839.79888914123,438,1970-01-01 00:22:16,2.2331967221596956,1.7432853335231195,4.047431926154345
263,438,1970-01-01 00:22:20,6678.970502948167,7095.034787092009,7870.047573653981,438,1970-01-01 00:22:20,0.8372873749034062,1.1550326499699664,5.62310625746449
264,447,1970-01-01 00:22:16,1806.0283665387979,1120.36428916941,1904.9240499368157,447,1970-01-01 00:22:16,-0.23896320694410306,7.998394040600516,-0.06427354854833105
265,448,1970-01-01 00:22:16,24802.05201617073,25914.49732814611,29814.927733132103,448,1970-01-01 00:22:16,3.5807526216282537,1.8812853525598494,2.532406810240138
266,455,1970-01-01 00:22:16,2574.3806252840827,1659.8564625659797,3918.062817899956,455,1970-01-01 00:22:16,-0.902285062883208,0.29498458870144934,13.237853432948047
267,461,1970-01-01 00:22:16,59850.67312158286,49799.253243194,69361.6418559908,461,1970-01-01 00:22:16,-0.1522943338328625,2.69704957004205,7.198846633483599
268,463,1970-01-01 00:22:16,3543.2812814159615,3291.270446603964,4331.257490427947,463,1970-01-01 00:22:16,2.7966262784794718,2.7238141767864446,4.5116551260319575
269,466,1970-01-01 00:22:16,4785.114068059893,4566.425839699856,5779.753499179688,466,1970-01-01 00:22:16,2.5934294777721503,6.878418484659814,-3.3761515214850237
270,471,1970-01-01 00:22:16,4826.212625699992,4267.42508580588,6096.327012009887,471,1970-01-01 00:22:16,-1.4803868645687102,5.277135538822773,7.154235765018826
271,473,1970-01-01 00:22:16,1493.215710900015,1083.941276220031,1409.2462335000073,473,1970-01-01 00:22:16,-1.4221477372317681,-1.0749216635519643,8.191999850050541
272,473,1970-01-01 00:22:22,2320.038883110049,1409.7059604600838,2856.1868989000095,473,1970-01-01 00:22:22,-2.5047806065478047,-0.17157365493234064,10.236181100061371
273,473,1970-01-01 00:22:25,132.54300736999988,108.33283051999993,120.744384,473,1970-01-01 00:22:25,0.4178970045454553,-8.424312671657766,17.43286150534756
274,473,1970-01-01 00:22:28,2586.465629240036,1571.7456741900255,3085.225744599987,473,1970-01-01 00:22:28,-1.5290648390124084,7.730376363622956,-1.724468747449553
275,477,1970-01-01 00:22:16,13880.930206415926,13752.12217699192,14467.107420981913,477,1970-01-01 00:22:16,1.0464078235784096,3.4839824473840646,3.666726913962376
276,478,1970-01-01 00:22:16,2324.5016702000676,2200.69275628002,2380.83251924004,478,1970-01-01 00:22:16,0.007340927197481112,6.378265326920915,6.382401052384301
277,479,1970-01-01 00:22:16,5658.969528158973,3621.428104392021,7306.413225893966,479,1970-01-01 00:22:16,1.6220207447128177,8.168746327249337,1.2517177108970727
278,479,1970-01-01 00:22:17,2544.411275099005,1973.0362594200062,3289.4922556040106,479,1970-01-01 00:22:17,-0.36642550851492023,6.7781616802612215,4.365202764776658
279,482,1970-01-01 00:22:16,13169.853092699786,12495.437519579733,15814.075918819704,482,1970-01-01 00:22:16,-1.9012594106045868,2.7442931258745955,4.86878752024604
280,485,1970-01-01 00:22:16,16662.15015148393,17518.929516522716,22464.161685338673,485,1970-01-01 00:22:16,-1.7312756113515506,1.002616967376336,5.699497997264883
281,486,1970-01-01 00:22:16,10732.629307740039,9582.427368520055,11398.791926820124,486,1970-01-01 00:22:16,1.906791163098944,3.213089221330068,5.723464492764163
282,487,1970-01-01 00:22:16,5696.955654272126,5254.580349659976,7455.330800830075,487,1970-01-01 00:22:16,0.3097243427251632,6.305964265619906,4.085651023138907
283,491,1970-01-01 00:22:16,4006.6353363979015,3833.120951679619,5173.990198370551,491,1970-01-01 00:22:16,2.6768009866485247,3.2369741326447006,3.3055716301616074
284,492,1970-01-01 00:22:16,3132.306270671994,2638.757579965998,3875.42679507197,492,1970-01-01 00:22:16,-0.9195294053796401,7.391501336617924,3.0297864985334093
285,494,1970-01-01 00:22:16,1274.0059402000254,1513.2699640000367,1574.5223657000429,494,1970-01-01 00:22:16,7.021414386261498,-6.737121971349564,-0.02996309820503764
286,501,1970-01-01 00:22:16,20568.21973737466,21098.746993486075,27239.72692765047,501,1970-01-01 00:22:16,5.478132530686859,1.301185059557289,-0.7930327868090942
287,503,1970-01-01 00:22:16,2805.69793883199,2442.353780439951,3733.115954933973,503,1970-01-01 00:22:16,0.3686106758003548,9.497553790965418,3.363430136389187
288,503,1970-01-01 00:22:18,20496.958146387835,17796.480638086876,17512.629516720575,503,1970-01-01 00:22:18,-6.167235792555749,3.768378688524523,1.288428027053404
289,505,1970-01-01 00:22:16,5565.115178236403,5514.897996895482,7509.252560538555,505,1970-01-01 00:22:16,4.8851624636178945,-0.26127161938351967,7.659878832393795
290,507,1970-01-01 00:22:16,11941.930078369895,11847.433170390183,12836.2280426602,507,1970-01-01 00:22:16,0.060467728388119424,4.700397999459955,7.0890002973551285
291,507,1970-01-01 00:22:17,7358.273002709859,6841.362181860101,7512.349474040139,507,1970-01-01 00:22:17,0.23911271367080855,4.034856334735383,7.133078325520516
292,509,1970-01-01 00:22:16,13566.806700704075,18649.997916939144,32641.71836901615,509,1970-01-01 00:22:16,-1.8376961161785537,5.432371949353462,5.491568650766017
293,514,1970-01-01 00:22:16,72415.35982108112,54379.89532050758,66843.66285620221,514,1970-01-01 00:22:16,-0.04841778571555481,4.0425160090565955,6.415786955417472
294,515,1970-01-01 00:22:16,26392.072212229996,23771.549298500166,32743.62583210112,515,1970-01-01 00:22:16,-0.30051001549567957,4.023399287846746,7.920308692936213
295,518,1970-01-01 00:22:16,23235.837050805385,16054.686969177923,29270.523793296277,518,1970-01-01 00:22:16,1.4692300326371948,4.881376765425597,5.861240060817746
296,520,1970-01-01 00:22:16,3988.4065261300057,4152.98693847201,5802.212907202005,520,1970-01-01 00:22:16,1.0868231479925188,2.9315271336738413,7.91792954602861
297,523,1970-01-01 00:22:16,58386.99440388156,45493.65443928628,68950.05753744829,523,1970-01-01 00:22:16,0.520981525821027,5.917332672937006,5.310603311293583
298,524,1970-01-01 00:22:16,5529.90992969001,4103.094195559989,7056.472810149985,524,1970-01-01 00:22:16,-0.4416921043401424,3.3330389542913426,7.248663713691229
299,528,1970-01-01 00:22:16,9822.692394764106,9812.7117769639,12246.5907122003,528,1970-01-01 00:22:16,0.11170609128873289,7.105886773468373,5.1410004006028
300,528,1970-01-01 00:22:20,1453.6443535779556,1077.0838166019878,1982.7820766599712,528,1970-01-01 00:22:20,0.92991751179197,9.664736072374476,1.819291020882874
301,531,1970-01-01 00:22:16,173160.00575767946,153383.2485143891,182596.5225792089,531,1970-01-01 00:22:16,-0.16867838879768465,3.1382295087098724,6.026675865963159
302,531,1970-01-01 00:22:17,93557.9514306919,85361.7947556881,100284.77705797688,531,1970-01-01 00:22:17,0.5928719992615923,3.7104744023684026,5.661630807921651
303,533,1970-01-01 00:22:16,2765.935015650005,2978.9232323100155,2875.800084080015,533,1970-01-01 00:22:16,-2.2522908164407487,-7.254804249622628,16.32982375016641
304,533,1970-01-01 00:22:17,888.402030450008,943.545297150008,966.2518677000149,533,1970-01-01 00:22:17,1.127498356823239,-4.03492997609472,10.587045130488834
305,534,1970-01-01 00:22:16,6977.584784819013,6737.475134219033,7902.774077179641,534,1970-01-01 00:22:16,-0.12392971550427116,0.850554408179706,-6.195342010456897
306,536,1970-01-01 00:22:16,12687.80847018044,12263.369709820292,14219.006037000325,536,1970-01-01 00:22:16,-0.053133659204990066,5.746158015194648,5.535660578144146
307,537,1970-01-01 00:22:16,1121.3610314819953,560.2931924520077,1740.2231032459988,537,1970-01-01 00:22:16,2.1014524231807066,8.711762861372003,0.5319986926886029
308,539,1970-01-01 00:22:16,9134.430626996105,8556.277355560072,9524.671918421953,539,1970-01-01 00:22:16,-0.7840153963779245,2.810857137161448,7.764105154647162
309,547,1970-01-01 00:22:16,1934.947455479996,1592.300375649992,2623.796536819989,547,1970-01-01 00:22:16,-1.1036673943540873,6.341056768555393,6.300829134662998
310,550,1970-01-01 00:22:16,16624.071678204265,18283.5703842262,21920.78936227061,550,1970-01-01 00:22:16,-1.1790196523336083,0.8555528332338083,6.847579211454821
311,550,1970-01-01 00:22:17,994.4695707640011,1112.6578179594032,1321.517336099996,550,1970-01-01 00:22:17,-5.764682126752319,-0.012387474180929978,7.446938560952095
312,552,1970-01-01 00:22:16,2349.765308600063,2098.010137219975,2233.7709436600494,552,1970-01-01 00:22:16,-0.6250624324171424,5.289434107623474,5.5125568398018965
313,552,1970-01-01 00:22:17,931.938357640011,870.3403152600175,935.0028423600046,552,1970-01-01 00:22:17,6.2005584843829595,2.697771722365851,3.8752507192718872
314,552,1970-01-01 00:22:19,5.8226985099999995,7.6614467999999984,4.750096499999999,552,1970-01-01 00:22:19,-0.33929258285714287,6.161991028571428,6.960970428571428
315,552,1970-01-01 00:22:22,8163.643608669401,6828.28083607922,7639.287917559278,552,1970-01-01 00:22:22,0.25252959188332724,6.897754718602995,3.874117186974481
316,553,1970-01-01 00:22:16,3582.6376111039767,3818.0338654740167,4587.348475207992,553,1970-01-01 00:22:16,-1.1909207481148476,4.1102342200359825,6.736611227722834
317,554,1970-01-01 00:22:16,14502.27962893216,14528.080908298169,14339.587290909996,554,1970-01-01 00:22:16,0.4212030970257507,5.270153585415831,5.202150979159243
318,554,1970-01-01 00:22:17,45160.43602588914,46673.82776231708,53390.32322858112,554,1970-01-01 00:22:17,1.7757442260106295,2.9838451519439224,3.6279342288151533
319,556,1970-01-01 00:22:16,7327.083760111926,6481.858038143963,9917.070848919791,556,1970-01-01 00:22:16,-1.4887044137065208,5.4932896864157845,7.850184033418459
320,557,1970-01-01 00:22:16,5982.650124279744,5536.99803767982,6268.70921471965,557,1970-01-01 00:22:16,-0.11275975310316091,-2.580555071126979,10.086681445791438
321,562,1970-01-01 00:22:16,25336.42100571387,24675.112127043838,25885.661498145775,562,1970-01-01 00:22:16,0.2536778974817321,4.140712005948171,4.840105427136629
322,562,1970-01-01 00:22:17,9503.352524218131,7081.743129985993,9899.61601856197,562,1970-01-01 00:22:17,-0.5359557620711497,6.743177525589516,1.4991250141653598
323,568,1970-01-01 00:22:16,2580.361253927998,2323.3589020779973,3077.8853206099893,568,1970-01-01 00:22:16,-0.2202518406776259,3.8355934350397116,5.822780048102887
324,568,1970-01-01 00:22:17,2255.6113159060064,1925.1271899659964,2662.342144939993,568,1970-01-01 00:22:17,1.311156083518304,4.113278121731897,6.980510294175232
325,568,1970-01-01 00:22:20,1747.15010005599,1595.2696171899943,1881.8280917799934,568,1970-01-01 00:22:20,-0.6074649103863586,5.299624350230883,7.882010466279536
326,571,1970-01-01 00:22:16,4859.241999999997,783.1990000000017,949.9120000000026,571,1970-01-01 00:22:16,0.1734447717231216,4.086901325478641,9.057027982326966
327,571,1970-01-01 00:22:28,5967.050377199849,4611.659642299994,8274.17761069977,571,1970-01-01 00:22:28,-1.287094777562849,5.800699582612206,7.8521118802808845
328,573,1970-01-01 00:22:16,8092.9869999986295,4458.736999999224,10763.335999998708,573,1970-01-01 00:22:16,-0.3304619350680742,9.63306111871919,-0.14808732780149306
329,574,1970-01-01 00:22:16,30971.195614930253,31345.376519270572,36672.334792990725,574,1970-01-01 00:22:16,0.6805785184841535,4.069682502564482,5.673536605095002
330,575,1970-01-01 00:22:16,2260.848237620059,2273.4540043600455,2521.772790820038,575,1970-01-01 00:22:16,1.6844617962126194,1.4780349993869255,7.065345200760108
331,577,1970-01-01 00:22:16,11769.730635444375,9918.77288388637,13899.673912245618,577,1970-01-01 00:22:16,-0.07855887944456008,-3.4149829055298593,9.744913303068364
332,579,1970-01-01 00:22:16,6823.768518762391,6319.163920478474,6717.213974900274,579,1970-01-01 00:22:16,-0.27967904881651257,5.4970883305951,4.332316782792221
333,580,1970-01-01 00:22:16,2268.4007679819906,2130.303229840002,2513.33717735399,580,1970-01-01 00:22:16,0.2556516942329892,5.955912620173166,5.425119428946154
334,581,1970-01-01 00:22:16,9539.57204191958,8384.034604399623,10059.975588299336,581,1970-01-01 00:22:16,-2.933254319421991,-3.947944417730592,12.51868690884018
335,583,1970-01-01 00:22:16,9896.403986766423,12702.255157036328,12633.570316230576,583,1970-01-01 00:22:16,-1.160262534500632,0.3583174006986024,5.121533668045512
336,589,1970-01-01 00:22:16,2803.0930442981767,2476.715461509985,2638.6402056279844,589,1970-01-01 00:22:16,0.19744342406282178,4.652383242096317,7.178559418196298
337,593,1970-01-01 00:22:16,4695.860791041982,3723.1638338840694,5794.246599310076,593,1970-01-01 00:22:16,-5.3973008938147995,1.9787991634731519,1.2043590581563077
338,594,1970-01-01 00:22:16,6025.228857184108,5974.969746332001,7069.598685559913,594,1970-01-01 00:22:16,-0.41789059762061337,1.0213541742841994,5.352786299411948
339,594,1970-01-01 00:22:17,25806.276469861175,28949.652755540403,28499.083914306386,594,1970-01-01 00:22:17,-0.33584721785829597,3.1545777311920085,7.4160489464580825
340,594,1970-01-01 00:22:18,10250.171374630234,11714.12015018547,12584.154276296125,594,1970-01-01 00:22:18,-2.5164688078852806,1.7591127654880796,6.344893839008132
341,594,1970-01-01 00:22:30,42223.4609874943,39598.62163778406,45330.68666222277,594,1970-01-01 00:22:30,2.3966589570020282,1.3885726309143176,3.6168904633951358
342,595,1970-01-01 00:22:16,3379.3869600859257,4445.59204476595,3479.5221310939196,595,1970-01-01 00:22:16,6.255072822966181,-0.032505320027660455,-4.043720635282763
343,595,1970-01-01 00:22:23,4419.083414621531,4694.627319101711,4807.327104911033,595,1970-01-01 00:22:23,0.008012877001999605,5.358685034603788,4.73839351447106
344,595,1970-01-01 00:22:28,118.82901440000002,86.49771895600001,109.75020240000006,595,1970-01-01 00:22:28,5.727438981415929,1.9038352786371682,-2.220124141442478
345,595,1970-01-01 00:22:32,3619.7648308933626,3866.539990653962,3181.1469770039785,595,1970-01-01 00:22:32,-0.4730604596889908,3.8353999516889608,6.761124749280424
346,596,1970-01-01 00:22:16,7484.9918720319365,6088.676546251991,8921.605879160003,596,1970-01-01 00:22:16,1.2003280884155896,4.928820545513267,3.9961279968587355
347,600,1970-01-01 00:22:16,1155.6546780999954,1097.0531379059987,906.2334903280055,600,1970-01-01 00:22:16,3.3580562450710505,7.157277667287846,-3.3183566867517866
348,601,1970-01-01 00:22:16,4902.443994339995,4195.599027420035,4197.514716839997,601,1970-01-01 00:22:16,-2.2547975131294695,-6.311446401935228,17.194305778527518
349,607,1970-01-01 00:22:16,35955.095999978446,30425.880999978544,48325.41899997112,607,1970-01-01 00:22:16,0.7047316068630206,5.646109073010695,5.513331538553495
350,607,1970-01-01 00:22:17,23665.875433496887,21350.89132499731,31480.80346799085,607,1970-01-01 00:22:17,1.6067455072550663,6.0398698102320045,0.5615551923560355
351,607,1970-01-01 00:22:19,1969.0900000000847,1684.9400000000744,2751.7599999999543,607,1970-01-01 00:22:19,0.7868633430138783,5.005220393675387,8.135082607292572
352,610,1970-01-01 00:22:16,2392.362717460044,2256.14246935004,2833.0490041000267,610,1970-01-01 00:22:16,-1.0871229767666948,7.012943721950446,3.2747635724663033
353,611,1970-01-01 00:22:16,13119.404927593867,10169.241433729529,15627.847361433922,611,1970-01-01 00:22:16,-0.3106128888941029,6.113111045883417,0.18246177685710152
354,611,1970-01-01 00:22:21,1818.8476285239785,1852.462670029977,2492.8913962479933,611,1970-01-01 00:22:21,4.979872984203439,3.9092375685741523,-3.420356940800774
355,612,1970-01-01 00:22:16,1554.9441851800273,1216.554393000022,1518.5340743000252,612,1970-01-01 00:22:16,0.27600475909223304,7.217584635437865,5.110746821646801
356,613,1970-01-01 00:22:16,3351.614191807254,2765.7434434199067,2741.4570801279633,613,1970-01-01 00:22:16,-0.9571946917105869,3.623333595979082,7.16509387898587
357,614,1970-01-01 00:22:16,16222.11483046197,15108.8301310098,16202.779152029905,614,1970-01-01 00:22:16,0.14751485798830866,2.7122363016848237,4.722005030928253
358,617,1970-01-01 00:22:16,16159.999489608676,14936.907242338999,17655.37004111798,617,1970-01-01 00:22:16,3.3361177032980267,2.595073266761614,1.7543649029628685
359,621,1970-01-01 00:22:16,5395.5849643981055,5077.434101668077,5551.241692515999,621,1970-01-01 00:22:16,-1.5618603132505728,3.161514630550473,7.5388596747597045
360,622,1970-01-01 00:22:16,21243.410910880644,17861.206442990257,23497.59314666991,622,1970-01-01 00:22:16,2.122298088250465,1.3493878519069775,6.604391040576143
361,626,1970-01-01 00:22:16,14256.731278473831,14357.38563121405,16148.052757047704,626,1970-01-01 00:22:16,2.4223151903270326,2.6968171757719035,6.3027478559278105
362,627,1970-01-01 00:22:16,29147.010277648114,29142.9617028272,33060.13167784888,627,1970-01-01 00:22:16,-2.2194925603894524,-3.572760307512332,7.2032671622710565
363,629,1970-01-01 00:22:16,5079.499970417922,4594.683740249743,5954.360499614803,629,1970-01-01 00:22:16,3.1990974781877575,1.0791420798274969,4.47699226642852
364,632,1970-01-01 00:22:16,21830.066671930486,21228.742062690613,26008.176545020735,632,1970-01-01 00:22:16,-0.7612818373825476,3.5512152229105887,5.882483120711839
365,632,1970-01-01 00:22:17,2536.8033796299937,2500.287196979991,2804.701923929983,632,1970-01-01 00:22:17,0.39958504031923764,2.0397851495441426,7.500772859020674
366,632,1970-01-01 00:22:20,52998.403106972175,50848.42444159236,64556.60454976189,632,1970-01-01 00:22:20,0.3049358072527318,3.006834261131372,4.907782893668335
367,632,1970-01-01 00:22:21,5589.191412800038,5818.122213470016,6124.5255153299895,632,1970-01-01 00:22:21,-0.8475260323499604,3.4563533583539883,6.425503741861738
368,634,1970-01-01 00:22:16,961.1879316899905,723.8942003800008,1563.6295539699884,634,1970-01-01 00:22:16,-0.08314634346919458,4.546359037833193,8.66455621792857
369,638,1970-01-01 00:22:16,1589.1424065999702,1946.0402965999815,2314.8072572000015,638,1970-01-01 00:22:16,0.023215229623054792,3.4355995158836574,8.374194146940875
370,640,1970-01-01 00:22:16,1764.6813038672003,1713.6377331505992,2423.9335492137284,640,1970-01-01 00:22:16,-2.599186195078766,1.1891144612094935,6.28792100800251
371,642,1970-01-01 00:22:16,912.4102082099965,906.0238346680019,1037.6386219000012,642,1970-01-01 00:22:16,0.11038015890461704,6.483216440581409,6.72141750368484
372,643,1970-01-01 00:22:16,15979.580082978595,15434.441787180862,30368.266524890845,643,1970-01-01 00:22:16,5.602085768825848,1.8123587476234493,5.9758209705208065
373,646,1970-01-01 00:22:16,50138.79718841327,40164.51436185579,42864.10067539682,646,1970-01-01 00:22:16,-0.6613142942027465,3.1328322830444084,5.534607421297376
374,646,1970-01-01 00:22:17,230877.81465127628,193782.9314289459,239855.95241156034,646,1970-01-01 00:22:17,1.466043788062002,2.5970136276403317,5.459393477459114
375,646,1970-01-01 00:22:18,186869.24229237996,154911.97443349945,198626.03394099322,646,1970-01-01 00:22:18,1.3475026053111505,2.489847848487735,6.2623258469609935
376,646,1970-01-01 00:22:19,292074.98719569365,270354.6342729404,327971.7656980507,646,1970-01-01 00:22:19,2.799416118338775,1.9065167627167723,6.102093110242994
377,646,1970-01-01 00:22:20,280342.990903236,250247.55745920018,316304.70509357954,646,1970-01-01 00:22:20,2.276398778193621,2.1354324635164277,6.454016241353479
378,646,1970-01-01 00:22:21,186285.60817210953,186364.19905917713,215572.84723798474,646,1970-01-01 00:22:21,3.5712255585307546,1.3148295344491585,5.099259134494868
379,646,1970-01-01 00:22:22,57859.23693607736,53288.72397653774,62297.664797039964,646,1970-01-01 00:22:22,2.242784200905319,3.038235652846282,5.401491625324249
380,647,1970-01-01 00:22:16,251691.508548221,227497.81865969565,246382.40993322572,647,1970-01-01 00:22:16,0.45676637074301646,4.180521578421358,3.0897582779344788
381,650,1970-01-01 00:22:16,18237.54414447583,16822.61884434953,20632.492624472234,650,1970-01-01 00:22:16,1.0931373683575893,2.101486388311205,5.417661140903463
382,650,1970-01-01 00:22:17,61431.392295423364,59523.38677864809,68563.12493153656,650,1970-01-01 00:22:17,0.8810508307087428,2.924924856346894,4.94228826142448
383,650,1970-01-01 00:22:18,1388.1773103059984,1312.9993722779998,1722.9824807420036,650,1970-01-01 00:22:18,3.549283178032385,-0.4894113021266669,-0.12973381028571396
384,653,1970-01-01 00:22:16,9918.31677159937,8792.222697898662,10410.960555999674,653,1970-01-01 00:22:16,0.3232243472134892,6.37602818178374,6.825961818970943
385,656,1970-01-01 00:22:16,8720.809035118775,7146.099374694266,10446.983764540004,656,1970-01-01 00:22:16,1.5100551503986879,6.832026256681066,4.14570291212911
386,658,1970-01-01 00:22:16,2135.3348833199834,2069.4205473940006,3357.1846564399866,658,1970-01-01 00:22:16,-0.46019932012835346,2.5262898253694135,8.842726245436916
387,660,1970-01-01 00:22:16,58843.28183506166,59228.810847506626,64296.475436185356,660,1970-01-01 00:22:16,-0.5412920386485341,4.789834142342954,2.325767649690475
388,661,1970-01-01 00:22:16,16491.38185433807,16458.18561154594,18273.05109278992,661,1970-01-01 00:22:16,0.6534792738823796,4.875603776144923,4.289653883389576
389,663,1970-01-01 00:22:16,112600.83162936095,95216.73094373319,106399.20138624907,663,1970-01-01 00:22:16,3.078753741638786,3.6291854619993202,-0.36096865036151726
390,663,1970-01-01 00:22:20,808.0816346840005,607.0316585009995,859.8252947500005,663,1970-01-01 00:22:20,4.457539876928649,3.796366751206374,4.7726228399292605
391,663,1970-01-01 00:22:22,252378.7784220163,210970.15038690917,224646.1022647556,663,1970-01-01 00:22:22,2.364281279038385,5.674378575158971,1.8343369732236152
392,663,1970-01-01 00:22:23,33130.48796006708,30850.550499258035,37903.92931361495,663,1970-01-01 00:22:23,2.6422008015442264,3.1929082882949458,4.778692607797188
393,663,1970-01-01 00:22:24,46341.74841139968,43359.818530985474,48405.55839813229,663,1970-01-01 00:22:24,2.5343664485337114,2.7756652453421884,2.7146913165873494
394,663,1970-01-01 00:22:29,197025.44375278102,148106.8550415276,169412.08810905358,663,1970-01-01 00:22:29,4.061041778260615,4.113609181459161,0.2818743991157069
395,663,1970-01-01 00:22:30,146637.86288044773,127003.53063978169,155355.22525537,663,1970-01-01 00:22:30,-0.14278543684453784,2.2377829480027884,1.3428725064920388
396,664,1970-01-01 00:22:16,15297.98436908164,14558.073300503978,17213.798371513793,664,1970-01-01 00:22:16,-0.4178348895167489,6.093996000470441,4.100981014191653
397,665,1970-01-01 00:22:16,4490.378008255966,4546.971903517988,8292.588668713894,665,1970-01-01 00:22:16,-0.6229743210314086,3.931597893987927,5.428916558814132
398,666,1970-01-01 00:22:16,72824.95007179707,68452.5629756786,81210.55874932907,666,1970-01-01 00:22:16,3.0107452415897256,-2.9428638253565667,7.371225631330087
399,666,1970-01-01 00:22:17,133990.57821235538,126145.56153141113,146577.4559616867,666,1970-01-01 00:22:17,3.183845772727194,-2.681694502557536,7.483850509139445
400,667,1970-01-01 00:22:16,10049.517921919427,9493.14377752968,9271.727720479239,667,1970-01-01 00:22:16,0.11085460634323485,0.9785470550158777,8.021059134640705
401,669,1970-01-01 00:22:16,2230.9363090039888,2115.8613852019967,2631.3235084019634,669,1970-01-01 00:22:16,-0.22605973891220238,6.4216178571346525,-3.2651573064471426
402,670,1970-01-01 00:22:16,3621.948324559981,2939.888209231983,4263.364544417945,670,1970-01-01 00:22:16,1.2154312823076812,7.827877515883454,5.350644506324533
403,671,1970-01-01 00:22:16,1982.9352984200048,2277.862590661981,2240.0534113219965,671,1970-01-01 00:22:16,-2.2556563654603736,6.105009238170556,0.9834762408788474
404,674,1970-01-01 00:22:16,13285.405887089946,16291.91052820011,14771.419334129638,674,1970-01-01 00:22:16,1.8989165508894115,0.20645454982187705,0.6610041091969028
405,675,1970-01-01 00:22:16,2681.6973745619425,3121.234555991956,3789.848913812602,675,1970-01-01 00:22:16,6.530297611332515,1.561645732502232,2.4366392357092366
406,675,1970-01-01 00:22:17,1296.1250395350103,1336.3476302639906,1439.777182069558,675,1970-01-01 00:22:17,6.447219493565971,1.4714315328185514,5.220675389088674
407,675,1970-01-01 00:22:18,8383.383455316784,6966.0925442010275,8838.703250378934,675,1970-01-01 00:22:18,2.2594037489446057,2.200639974121983,5.06159420012563
408,676,1970-01-01 00:22:16,36505.94364549594,25163.12760720197,40737.145668236306,676,1970-01-01 00:22:16,-1.0911455273575925,6.970906672524129,5.6465759992705875
409,678,1970-01-01 00:22:16,5260.680219414058,3035.366600637999,3939.5172803360133,678,1970-01-01 00:22:16,0.03822541363622262,3.6820070279872805,8.365435961460356
410,679,1970-01-01 00:22:16,5842.474642928073,5233.29401762381,6860.4987780500605,679,1970-01-01 00:22:16,0.3540405243828152,6.314345261754054,1.5163148620822702
411,680,1970-01-01 00:22:16,262.0418713699996,220.96289078000058,225.25332280000012,680,1970-01-01 00:22:16,1.5778384700712142,7.264636775756673,5.0580191847181055
412,680,1970-01-01 00:22:21,12819.661889659768,13098.252542437818,15140.487533127904,680,1970-01-01 00:22:21,-5.874535615551717,0.9414515634056846,2.8131170461099466
413,680,1970-01-01 00:22:28,12119.195512357926,11060.147951772045,13351.489747013919,680,1970-01-01 00:22:28,-0.5440341694820923,0.9752255939210297,3.273407868402011
414,681,1970-01-01 00:22:16,3900.2742279996237,3367.125842199708,4717.924026559587,681,1970-01-01 00:22:16,3.1394155369628614,2.628372617694162,3.112732692554032
415,682,1970-01-01 00:22:16,345.67080592399833,203.55608460000363,569.6165615549994,682,1970-01-01 00:22:16,-0.9096975648939994,8.799593507860248,3.6316691732989166
416,682,1970-01-01 00:22:17,2755.3827033670086,2585.5097185139825,3432.681763240996,682,1970-01-01 00:22:17,1.2774107135258868,6.847602175930918,3.8652571222610823
417,682,1970-01-01 00:22:18,2254.3718453380066,1557.200680403984,2976.18218325001,682,1970-01-01 00:22:18,0.5735340453671011,8.436810117380757,2.1370653774975477
418,682,1970-01-01 00:22:23,5899.728527303034,4742.019486072021,4969.945871792001,682,1970-01-01 00:22:23,-0.22954264547703948,4.780341092747922,7.0764301250779775
419,683,1970-01-01 00:22:16,2388.6406446700034,2278.765498040005,2894.2757024320163,683,1970-01-01 00:22:16,-1.575293867419695,7.2037770585986145,5.3466012499405275
420,684,1970-01-01 00:22:16,217.57547311000008,241.00992075599993,269.8456809360001,684,1970-01-01 00:22:16,-2.007955099390451,1.633787104691011,7.907160575707866
421,684,1970-01-01 00:22:19,891.9933597799991,546.6154080119992,832.4735063840002,684,1970-01-01 00:22:19,-2.9519499612168274,0.8662206231672082,7.157862438950377
422,684,1970-01-01 00:22:20,21375.42467326035,19440.576728329455,21219.724232755347,684,1970-01-01 00:22:20,-0.8634743453355492,3.4948728271714478,4.37356401693093
423,687,1970-01-01 00:22:16,4981.404824422799,4711.568691451882,5651.714500567828,687,1970-01-01 00:22:16,-0.21555730174449866,4.319632037284964,7.959075841671364
424,688,1970-01-01 00:22:16,9117.771440102062,8637.363110984019,9155.074256479886,688,1970-01-01 00:22:16,-0.08295242360579311,3.6713795211009193,6.446494054402225
425,690,1970-01-01 00:22:16,6911.08732521554,5785.682439509243,8704.050252341438,690,1970-01-01 00:22:16,-0.13785059560672216,8.020402186765521,6.091169087265631
426,691,1970-01-01 00:22:16,7202.378786826127,13626.406746027567,13922.3353375951,691,1970-01-01 00:22:16,-0.24396205210299612,6.587434960888571,2.8374730587801307
427,692,1970-01-01 00:22:16,2850.798425430247,1952.6095744000002,3120.1512194999996,692,1970-01-01 00:22:16,-0.23104231334601427,6.567723331418537,6.478580335927011
428,694,1970-01-01 00:22:16,28.017580522000003,32.647938,40.02511370000002,694,1970-01-01 00:22:16,-0.4056674073239437,3.7714909352112675,9.275082325352109
429,694,1970-01-01 00:22:17,2903.8393006939737,2827.596325531973,3760.962343567999,694,1970-01-01 00:22:17,1.44918678879001,3.0978016503144064,7.850196738097579
430,696,1970-01-01 00:22:16,2063.2335866019926,1641.330376587995,1772.0327857999773,696,1970-01-01 00:22:16,2.323998748674237,2.5058515287216228,8.55928919132537
431,698,1970-01-01 00:22:16,65692.59865096948,61777.43754050072,62961.31177781637,698,1970-01-01 00:22:16,0.7325355615892537,3.012183720330113,3.2019914475617894
432,698,1970-01-01 00:22:20,57738.43377267594,42540.56594592902,48180.71819625605,698,1970-01-01 00:22:20,1.9723659511400276,4.850431748218453,2.1261948705856697
433,699,1970-01-01 00:22:16,3750.1216660838613,3514.490378941867,6499.533949218958,699,1970-01-01 00:22:16,3.3006003073612415,0.08493052288785242,3.3883332818732295
434,700,1970-01-01 00:22:16,1466.4238732559998,1247.1922857019886,2216.4685335600116,700,1970-01-01 00:22:16,9.842052108322497,7.074622996394844,11.22258131974499
435,703,1970-01-01 00:22:16,7558.699231466148,6565.192206779261,9600.430719426153,703,1970-01-01 00:22:16,1.6289104334330395,8.778461334904076,0.4556210062057153
436,705,1970-01-01 00:22:16,1741.0617980899958,1581.3223774299934,2128.233839377984,705,1970-01-01 00:22:16,0.545960889741629,5.540110121374164,6.4289518382347755
437,705,1970-01-01 00:22:17,14447.961837775885,12250.899267655808,16340.920359563896,705,1970-01-01 00:22:17,1.740267306520575,4.560432940398268,5.313810661017327
438,706,1970-01-01 00:22:16,2991.1984672700205,2124.2089315000158,4326.673659200038,706,1970-01-01 00:22:16,1.8126168559770615,3.855133161088142,7.667090069358576
439,709,1970-01-01 00:22:16,19915.495355695504,19386.767140548414,23873.990333647933,709,1970-01-01 00:22:16,-0.356967436055902,3.37155796632633,6.441182565395912
440,709,1970-01-01 00:22:17,3503.2624077070245,2766.074688874013,3762.3895468739843,709,1970-01-01 00:22:17,-0.6782023155920682,3.3517019624447504,6.455436342308133
441,710,1970-01-01 00:22:16,4267.555343131978,4413.137288175975,4434.400460119973,710,1970-01-01 00:22:16,0.4839600142358468,2.5567492727457406,7.396771056040007
442,711,1970-01-01 00:22:16,117192.63525504849,99416.2281928266,106074.62136711569,711,1970-01-01 00:22:16,-1.359168774891166,5.655954386085644,2.9806282774965
443,713,1970-01-01 00:22:16,1544.2428724600063,1581.8496543799993,1894.66154734002,713,1970-01-01 00:22:16,-0.8679408129031654,3.7850459133351975,3.6496190062516076
444,714,1970-01-01 00:22:16,24800.11182838808,23752.352714334545,26357.254400773807,714,1970-01-01 00:22:16,0.4619130197857212,3.816650362084529,6.119800045138186
445,720,1970-01-01 00:22:16,57258.53157904484,54886.770287812025,63305.05786306315,720,1970-01-01 00:22:16,0.2472281673860791,2.920274722498348,4.06748230158478
446,721,1970-01-01 00:22:16,33391.765304650406,34668.0836984509,40041.645765686706,721,1970-01-01 00:22:16,-2.208432765808668,2.3803501501646935,6.954784562732418
447,722,1970-01-01 00:22:16,5793.707743452064,5280.02939830204,7687.89412986999,722,1970-01-01 00:22:16,0.8839189867308131,2.229141396018062,8.441471819996766
448,727,1970-01-01 00:22:16,30295.544739515924,29503.820106715706,43477.78124398308,727,1970-01-01 00:22:16,0.20937159002887074,2.4644044443167203,8.053571546045085
449,728,1970-01-01 00:22:16,2988.7103295040442,2209.101498436022,2767.390217324007,728,1970-01-01 00:22:16,2.378536866485777,4.73991995972604,2.5633447186786538
450,729,1970-01-01 00:22:16,230.0266839000002,217.31282220000006,466.4888146400013,729,1970-01-01 00:22:16,-0.10093307161942283,4.069147796745408,7.833642584553822
451,729,1970-01-01 00:22:18,46754.57151477662,43816.681418551554,67355.45055218888,729,1970-01-01 00:22:18,0.14271534048646617,1.7176914546246513,1.8459485963235889
452,730,1970-01-01 00:22:16,1062.3816791040022,900.2421548939991,1317.8776277999984,730,1970-01-01 00:22:16,1.9789504336492638,1.737430746488759,8.708882844061593
453,732,1970-01-01 00:22:16,3289.125640900053,3186.4622843520046,4575.472602238002,732,1970-01-01 00:22:16,1.6097025753620628,4.798378748288661,4.012890617565221
454,735,1970-01-01 00:22:16,8098.705655499765,8217.658773859815,11259.7768727999,735,1970-01-01 00:22:16,1.4739671620176462,5.462743625986104,5.635455053822145
455,736,1970-01-01 00:22:16,36815.10262268118,30279.540058288236,37866.404399686624,736,1970-01-01 00:22:16,0.26527262069979046,2.425989907507401,6.024579436393151
456,738,1970-01-01 00:22:16,5035.355196368072,5293.3141261159735,4953.485689744066,738,1970-01-01 00:22:16,-0.1987296097628647,5.414492188480499,1.4657632315646683
457,739,1970-01-01 00:22:16,3146.0116650019495,3403.9938113679077,6842.735704689983,739,1970-01-01 00:22:16,-0.8017961917331818,5.417994212820893,5.959878074381248
458,745,1970-01-01 00:22:16,30648.601619262638,29265.128580442968,34766.495808522086,745,1970-01-01 00:22:16,5.213088785834155,0.5928164723259671,6.011274049643864
459,745,1970-01-01 00:22:18,57408.03633252858,61162.22402898658,57351.38940008665,745,1970-01-01 00:22:18,-3.9245959336565246,2.176977239212475,4.003659114831809
460,746,1970-01-01 00:22:16,8538.773041780161,8846.892651589722,8950.162097619628,746,1970-01-01 00:22:16,3.5042395823850487,3.943492274226839,6.2489101584219915
461,750,1970-01-01 00:22:16,33881.62272909028,32647.183502860033,34837.71656418071,750,1970-01-01 00:22:16,0.12452989426940668,1.9508256886835558,5.653527959779654
462,750,1970-01-01 00:22:21,24213.32797688019,22750.570712210276,26479.522044229907,750,1970-01-01 00:22:21,-2.736084848471787,0.9033966015927187,3.311200540489284
463,751,1970-01-01 00:22:16,42730.47659552229,39238.94181207316,47493.08943245161,751,1970-01-01 00:22:16,-0.5226931572507846,3.2742449961810327,2.6999566726631947
464,754,1970-01-01 00:22:16,5366.886807361966,5620.325778531895,7830.8127338501245,754,1970-01-01 00:22:16,-4.883790246857051,2.415048852830248,4.095657330031546
465,755,1970-01-01 00:22:16,4467.312141279868,4106.381083220193,5702.567175479562,755,1970-01-01 00:22:16,5.4685610079047935,3.0040399691508606,-0.6424249504558537
466,757,1970-01-01 00:22:16,11947.794623894008,11518.255314669996,13089.004680322085,757,1970-01-01 00:22:16,3.8447837598914476,4.188842057815904,3.7811058307301355
467,761,1970-01-01 00:22:16,26701.833641651247,27370.34748628428,30821.5799087524,761,1970-01-01 00:22:16,0.23869036360805926,4.8249264330510275,6.169568029353589
468,761,1970-01-01 00:22:17,15854.186888949129,15778.044742521879,18256.568351983715,761,1970-01-01 00:22:17,0.6311017069496442,4.210551650818376,6.4789438261454135
469,762,1970-01-01 00:22:16,142979.69504122704,137011.5053008725,223044.74991415066,762,1970-01-01 00:22:16,-0.5216292468235829,3.7197498384612935,6.961126794922803
470,762,1970-01-01 00:22:17,329174.60129698354,338811.7051563821,405143.81908059644,762,1970-01-01 00:22:17,0.3092212332961144,2.083068706495483,3.7500418344899002
471,763,1970-01-01 00:22:16,4230.098596179803,3934.3150050977833,6389.076566422415,763,1970-01-01 00:22:16,4.258387921738842,5.0043782860821535,3.416117303474555
472,764,1970-01-01 00:22:16,37390.762246343416,39057.314552111944,52531.47920888871,764,1970-01-01 00:22:16,-0.1677787255364854,-1.5094242699379805,2.708618623289068
473,768,1970-01-01 00:22:16,12608.542995549979,14861.342818230094,14248.246779803023,768,1970-01-01 00:22:16,1.2540507613939296,3.224294661224619,3.6745300246248402
474,770,1970-01-01 00:22:16,5228.055774651886,5543.960981181957,7394.568643887523,770,1970-01-01 00:22:16,7.689647016234953,1.5904615775057391,-3.2172409763543484
475,774,1970-01-01 00:22:16,3095.477247792035,3835.69324770001,4334.972967918006,774,1970-01-01 00:22:16,-1.579317095797022,-1.5985162799048112,3.5256796946637667
476,776,1970-01-01 00:22:16,998.4566136439951,968.6470510120033,1483.6708654000017,776,1970-01-01 00:22:16,-1.3189482849640923,3.8074804243768092,7.756367119033147
477,781,1970-01-01 00:22:16,7753.302389110256,8210.922523878124,9126.127545917858,781,1970-01-01 00:22:16,-1.291361424730599,1.9690689571076974,7.0720707833555805
478,782,1970-01-01 00:22:16,4792.348985399962,4870.4670190998595,5851.1512538598745,782,1970-01-01 00:22:16,-0.4198628312832217,-3.870712793107799,12.240893809085142
479,784,1970-01-01 00:22:16,3896.3429916073746,3973.7618179088167,3872.1711789809074,784,1970-01-01 00:22:16,-0.35065276062277223,5.944533107980326,5.706306969507184
480,784,1970-01-01 00:22:24,1700.3812166039938,1160.5558603399963,2233.043213126993,784,1970-01-01 00:22:24,-0.3276471886404571,8.157731933387419,0.5522194762410383
481,789,1970-01-01 00:22:16,51405.617360977696,52455.819402674446,64580.507184101465,789,1970-01-01 00:22:16,0.20970734770541044,2.6626410941407723,5.488220738169637
482,789,1970-01-01 00:22:17,41910.30920268586,41081.331466833646,47472.078410776,789,1970-01-01 00:22:17,-0.1290636143969875,3.1682495552346492,5.70011977915276
483,789,1970-01-01 00:22:19,151.65831344599997,164.92219444000023,174.01057747799996,789,1970-01-01 00:22:19,-1.029241563387622,5.0139418940065115,6.471020315752444
484,792,1970-01-01 00:22:16,30122.859269610024,25715.296804681875,23919.61686185804,792,1970-01-01 00:22:16,3.15766554857484,2.9789462267848785,1.8359843430084681
485,793,1970-01-01 00:22:16,1528.6143911800002,1214.0409649799976,1268.1541461000024,793,1970-01-01 00:22:16,3.140298241529779,3.9917727779699725,6.399855306293698
486,795,1970-01-01 00:22:16,1833.6903495379988,1366.5336935769974,1874.7174493,795,1970-01-01 00:22:16,-0.5414432111142565,3.4696775450534223,7.558373556533239
487,795,1970-01-01 00:22:17,4023.0590316799685,3627.836513422941,5279.620410708016,795,1970-01-01 00:22:17,-0.5667366451047303,5.333658326303873,-2.988802559125242
488,801,1970-01-01 00:22:16,4192.228994228064,3424.6474629940403,4198.861615463955,801,1970-01-01 00:22:16,0.9192915089815681,3.7938996405373846,7.252285045866638
489,802,1970-01-01 00:22:16,1146.5637460603605,1333.885706059998,1398.9051191999981,802,1970-01-01 00:22:16,-0.41519418532959357,4.182221654755818,8.436755652554929
490,804,1970-01-01 00:22:16,19632.925775407915,18824.566060997007,24432.680956500342,804,1970-01-01 00:22:16,-0.3894099971531267,-4.030968474127728,17.537170492213935
491,804,1970-01-01 00:22:17,3024.548063688008,2791.6265202579934,3854.9807229599855,804,1970-01-01 00:22:17,0.07096367221047216,-8.315899739567895,17.52362561667362
492,805,1970-01-01 00:22:16,1669.7729085080032,1504.0405239900006,1437.6140835999834,805,1970-01-01 00:22:16,-1.3189293463645224,-0.03461809118791761,10.299514357814976
493,806,1970-01-01 00:22:16,27.696124429999998,26.43198179999998,43.59362609999998,806,1970-01-01 00:22:16,3.628811716666666,8.908026375,-3.254518172916667
494,806,1970-01-01 00:22:18,26656.00141131416,23981.39764805664,27926.658921692364,806,1970-01-01 00:22:18,-2.1845600658235123,3.0425114136231324,0.30106885271799766
495,810,1970-01-01 00:22:16,7442.174703078993,7119.015942339343,8555.075953538962,810,1970-01-01 00:22:16,2.6289488989540666,4.228071104752524,3.321117872013447
496,810,1970-01-01 00:22:20,35082.83119627021,33700.898043214984,41535.56741374846,810,1970-01-01 00:22:20,-0.20175480923399347,4.038098986548861,4.689919204257676
497,812,1970-01-01 00:22:16,5815.946856794255,3976.1556612139625,7358.665055572102,812,1970-01-01 00:22:16,-0.765301802246722,8.713631996308992,2.448744431043332
498,814,1970-01-01 00:22:16,7923.946952666032,6625.518193337991,7586.313576064017,814,1970-01-01 00:22:16,0.2963927795801775,4.279090657515723,5.395440336437582
499,818,1970-01-01 00:22:16,9529.193407654178,9283.741903662074,10324.031314055805,818,1970-01-01 00:22:16,-0.8217896017367319,4.024956355510869,6.428484811834027
500,820,1970-01-01 00:22:16,37530.64437217171,35576.5675264344,49105.12929285003,820,1970-01-01 00:22:16,0.048356489943797126,4.5441812150170495,6.726223693912666
501,820,1970-01-01 00:22:17,5127.74768018423,4276.489439830042,5831.44286822003,820,1970-01-01 00:22:17,0.2558439599484123,5.190080300060652,6.3685387224119925
502,823,1970-01-01 00:22:16,931.2504113099916,893.0453288999992,1038.4969355000035,823,1970-01-01 00:22:16,0.06115748248016424,5.0837237105495054,7.99828602920954
503,824,1970-01-01 00:22:16,400.59782835699934,334.00069807300014,360.80620170000014,824,1970-01-01 00:22:16,-1.4156075045168448,6.791701244561262,5.9109063445635535
504,824,1970-01-01 00:22:29,67.70802345599986,103.05601801300018,88.96849389999991,824,1970-01-01 00:22:29,-0.1394354487447758,-0.0013293179447761234,8.990148584477602
505,824,1970-01-01 00:22:31,7113.584196003156,4679.087710314044,5267.664338955985,824,1970-01-01 00:22:31,0.023764438811321304,3.6892264841136746,7.5931375679089115
506,827,1970-01-01 00:22:16,3006.590606814001,2878.8551511460164,3243.866037399973,827,1970-01-01 00:22:16,-0.2099928118002538,0.452171491291095,9.968705389236689
507,834,1970-01-01 00:22:16,34446.676694018744,33377.20687138695,44537.650955492005,834,1970-01-01 00:22:16,1.9891501714440176,1.8929762190371529,8.307350021104886
508,834,1970-01-01 00:22:17,67372.88667827797,71454.12471014286,94745.6827805922,834,1970-01-01 00:22:17,3.353142512770989,2.2558877903025345,5.686760048334018
509,834,1970-01-01 00:22:18,7038.914093603009,7131.6413239211,9903.886179133984,834,1970-01-01 00:22:18,3.6501047063119634,3.2490687027416696,5.600160481966383
510,836,1970-01-01 00:22:16,1723.2165841291007,2306.6279567799897,1932.236160857997,836,1970-01-01 00:22:16,5.545098290884314,1.1658213024334565,4.946297550665465
511,838,1970-01-01 00:22:16,5864.185250819563,4767.947270559917,6674.459639599145,838,1970-01-01 00:22:16,-0.17009710349415386,0.27491738432167223,8.53020616781152
512,839,1970-01-01 00:22:16,8111.612827118061,9249.74918229994,10657.424780881964,839,1970-01-01 00:22:16,-2.5820966725099397,2.6278602363483734,6.902397229533355
513,841,1970-01-01 00:22:16,38094.49709299711,30771.42660349661,55702.92462799879,841,1970-01-01 00:22:16,1.0942292776439402,5.96557827503121,4.719116225019423
514,842,1970-01-01 00:22:16,5028.560993779161,6273.746990399018,7682.064614659893,842,1970-01-01 00:22:16,-0.06060465362060111,3.699806413868824,6.878840538621222
515,842,1970-01-01 00:22:18,4157.550589893133,6187.154584021206,10005.86696163795,842,1970-01-01 00:22:18,0.06505872362398508,0.08731771535566948,8.400713323571841
516,846,1970-01-01 00:22:16,35983.99557706251,31115.772268519115,40866.66868065911,846,1970-01-01 00:22:16,2.7982826792071958,3.504045232271851,6.130064690498191
517,847,1970-01-01 00:22:16,18266.68637728213,16289.114169689015,29812.29265823626,847,1970-01-01 00:22:16,0.3924240399267852,3.5683048981426833,7.83284359468085
518,847,1970-01-01 00:22:17,49358.02784678735,49866.602444186035,84721.71172309476,847,1970-01-01 00:22:17,-0.5106976929147043,4.14039344342948,8.217432969413515
519,848,1970-01-01 00:22:16,38489.99090215709,36281.7037253834,45530.15124908244,848,1970-01-01 00:22:16,-0.3190863914446869,1.9529595743325532,7.386350515485225
520,854,1970-01-01 00:22:16,8325.193351603732,7882.928477142195,11602.185636837741,854,1970-01-01 00:22:16,-0.4496505003294999,8.006145631376643,1.4353826493690522
521,857,1970-01-01 00:22:16,6197.213825740026,7096.997832436034,8147.279773214022,857,1970-01-01 00:22:16,4.815387235252685,3.7527902412276575,6.5322993476097455
522,859,1970-01-01 00:22:16,41411.59313308434,35369.12545465701,49510.344962061914,859,1970-01-01 00:22:16,-3.069921158428802,1.7705970666180404,6.767507719587855
523,860,1970-01-01 00:22:16,55143.39697560789,40921.04421165426,68547.91973823828,860,1970-01-01 00:22:16,3.5813521069700784,1.7902133669305693,6.786021296857032
524,860,1970-01-01 00:22:17,807.5355078119981,842.337612036,1350.348917181998,860,1970-01-01 00:22:17,1.4825070291194595,3.8604238073701262,6.939518855064256
525,860,1970-01-01 00:22:18,126879.47679990769,99743.12230928273,163354.68171825013,860,1970-01-01 00:22:18,2.222000954019502,2.2133639618847716,7.690582636976933
526,860,1970-01-01 00:22:19,37800.288434497474,28933.56366906917,47901.81848915528,860,1970-01-01 00:22:19,3.2145326579144258,2.1064690675740967,5.812016927973428
527,860,1970-01-01 00:22:20,2716.394206626008,2128.8666962459956,2357.7908253599976,860,1970-01-01 00:22:20,-0.20373938458092372,1.4465687751764358,9.713216091953477
528,862,1970-01-01 00:22:16,1802.7764192279992,1844.9047865400116,2245.8664707380112,862,1970-01-01 00:22:16,-0.09809179519590365,3.7354727277313104,8.55363505551448
529,864,1970-01-01 00:22:16,2921.9927978759915,2708.6794171739853,3272.700576731991,864,1970-01-01 00:22:16,-4.984979808766527,6.280368027718434,0.9078925451070796
530,864,1970-01-01 00:22:17,1450.8122040879985,1292.611889279996,1662.8946372599974,864,1970-01-01 00:22:17,-2.7505467546827,6.555435199006856,3.3982947556224214
531,868,1970-01-01 00:22:16,5890.677319342264,8129.656976028282,8550.22135115024,868,1970-01-01 00:22:16,7.786737015377509,1.092703976654692,0.8682475690447676
532,870,1970-01-01 00:22:16,852.2974998399973,509.11265094399954,722.2252708999981,870,1970-01-01 00:22:16,0.1200905219280964,4.978150010141571,7.689164146382574
533,870,1970-01-01 00:22:17,16528.233768713504,20110.652359914126,19983.484893718633,870,1970-01-01 00:22:17,-0.1423329038952306,6.129475637151055,5.862021825173284
534,871,1970-01-01 00:22:16,2945.5696044320075,2929.2268973639934,3962.38877203,871,1970-01-01 00:22:16,1.6905536428692238,-2.135645674059436,3.997679377236086
535,877,1970-01-01 00:22:16,3978.2311493940238,4007.310611516006,4582.906626379985,877,1970-01-01 00:22:16,0.31482373100707783,4.024199224579019,7.217850869610709
536,880,1970-01-01 00:22:16,17645.228592311913,17002.103091447683,19155.629804593893,880,1970-01-01 00:22:16,0.9448674869934158,4.07661403951046,4.662070299774195
537,882,1970-01-01 00:22:16,49006.18813302479,47747.99248621342,56471.55685374007,882,1970-01-01 00:22:16,2.7326522661176402,4.415489313820843,3.4596675412956426
538,883,1970-01-01 00:22:16,26119.13848882951,21730.13413126116,29102.71702178152,883,1970-01-01 00:22:16,1.613551369783342,4.414283785335568,5.867659035316552
539,887,1970-01-01 00:22:16,104658.65335951856,85605.33086096743,114125.11695422379,887,1970-01-01 00:22:16,-0.18063847876795358,1.591507966601961,3.273545211812015
540,890,1970-01-01 00:22:16,3057.5728951213955,3557.2731430054414,4672.993139944183,890,1970-01-01 00:22:16,-0.8697077464822993,1.1909880488523281,5.8292889552372085
541,895,1970-01-01 00:22:16,36588.77569268304,37397.52863428151,43178.17882033566,895,1970-01-01 00:22:16,4.350237198133386,1.9597885120933056,4.303638308447476
542,897,1970-01-01 00:22:16,45857.135307812234,41815.929819850804,64932.55975285028,897,1970-01-01 00:22:16,1.175199784316011,2.0266639723124262,4.293416994931066
543,900,1970-01-01 00:22:16,3498.5568305119486,3431.556081655988,6252.202794007972,900,1970-01-01 00:22:16,1.195419794050272,4.9050163711191095,6.8368083989615345
544,911,1970-01-01 00:22:16,16641.82620695597,16573.40601658186,24400.552607648435,911,1970-01-01 00:22:16,0.9779946740817698,1.8437348352660579,9.438064275860096
545,911,1970-01-01 00:22:17,6737.436795718155,4981.797428732123,6750.087844333861,911,1970-01-01 00:22:17,-0.24938687929408854,1.8632077147311163,9.677352949603645
546,912,1970-01-01 00:22:16,11464.439269732024,9700.72851629807,11256.53075637187,912,1970-01-01 00:22:16,-0.07816573586679278,4.2103953897741375,6.988590618127902
547,913,1970-01-01 00:22:16,9168.071322630545,6118.049496600171,9980.14485100067,913,1970-01-01 00:22:16,-1.3500584061376337,0.12909490443036914,1.1174625925763377
548,919,1970-01-01 00:22:16,7555.678594333114,6081.884587320089,13981.946564676477,919,1970-01-01 00:22:16,8.021558209240277,0.6739598651322015,0.7861603545811976
549,933,1970-01-01 00:22:16,662.4877579399935,368.60094200001026,803.6660706639905,933,1970-01-01 00:22:16,1.1422347519087699,9.264852581176026,-1.1852790739499037
550,941,1970-01-01 00:22:16,73678.41901113317,104610.00230121032,86244.46474038149,941,1970-01-01 00:22:16,-0.32504917320588206,2.628673351993983,4.473344928611589
551,943,1970-01-01 00:22:16,6469.7545969798275,6895.407896319644,8674.701404999612,943,1970-01-01 00:22:16,-0.2224988348008155,4.1082048702898835,5.4050667661163105
552,945,1970-01-01 00:22:16,69540.49395784919,69936.32800502963,78177.35396404042,945,1970-01-01 00:22:16,0.4096523656839887,-1.9877524406584859,4.549928814126508
553,953,1970-01-01 00:22:16,7084.050499999054,5830.930499999343,8937.28599999908,953,1970-01-01 00:22:16,0.3108078584170563,2.8321592338747767,7.870559149375644
554,955,1970-01-01 00:22:16,4092.994034076126,3329.309818320249,5545.904249400181,955,1970-01-01 00:22:16,-0.7517988917599447,6.964085408519911,6.929869761229046
555,956,1970-01-01 00:22:16,61304.805812446255,73980.95739525727,59564.30589855331,956,1970-01-01 00:22:16,0.5931457988495324,7.719215609633418,1.9615624376572192
556,967,1970-01-01 00:22:16,149828.00612213276,139851.90592753116,156279.43321775,967,1970-01-01 00:22:16,0.5895436646949793,4.39423397407252,5.921525589494415
557,967,1970-01-01 00:22:17,557618.069228037,494489.59830678883,532677.4409221737,967,1970-01-01 00:22:17,0.770859860127947,4.218586594578333,5.610865175450881
558,967,1970-01-01 00:22:18,127854.22017535166,116327.05677523704,135647.9239670922,967,1970-01-01 00:22:18,1.8477542002139782,3.251622628495953,5.944425675974392
559,967,1970-01-01 00:22:20,159282.679674518,152816.9647379642,169336.79756925604,967,1970-01-01 00:22:20,0.5827330339060912,4.0003669258216,5.853879058248118
560,967,1970-01-01 00:22:21,131862.358801126,126860.97879770938,142210.48630613313,967,1970-01-01 00:22:21,0.5267009869837194,5.242194117045289,3.2627415957690844
561,973,1970-01-01 00:22:16,67149.81010950511,60145.60093773808,62468.69334243687,973,1970-01-01 00:22:16,-1.5613188196783163,0.44678955380423285,2.0687848463205665
562,977,1970-01-01 00:22:16,20489.175755605535,19019.164870300196,24847.65729540809,977,1970-01-01 00:22:16,2.263082239486553,3.5538499310010265,6.64499383041575
563,979,1970-01-01 00:22:16,3873.723933450027,3291.491311606031,5996.242291910006,979,1970-01-01 00:22:16,0.5640418183939965,2.0152693162570383,7.674079275606502
564,983,1970-01-01 00:22:16,4719.650419298133,3945.9817884479867,6180.53445767403,983,1970-01-01 00:22:16,0.7018044569649261,6.668455558846719,5.646251042770766
565,987,1970-01-01 00:22:16,1106.5722403199968,1267.493327831998,1831.3491848199956,987,1970-01-01 00:22:16,0.3763337044194074,7.293624536130237,5.102472175630386
566,991,1970-01-01 00:22:16,41271.06743911276,46736.24220765037,70569.22154377337,991,1970-01-01 00:22:16,-0.2587179443619307,3.0197312376576253,5.478041400644436
567,992,1970-01-01 00:22:16,92047.15596097734,86952.5560006195,91193.46038692383,992,1970-01-01 00:22:16,-0.1315496592196204,3.923966711374015,3.070457078299737
568,996,1970-01-01 00:22:16,1950.163478985992,816.6911123999954,4135.88768035804,996,1970-01-01 00:22:16,-0.5968432221953115,9.3687477871308,2.093839075260759
569,996,1970-01-01 00:22:17,19157.55443037797,16219.096892679801,24689.971566730386,996,1970-01-01 00:22:17,-1.1264192081031745,4.9560171554580945,4.056474673283733
570,997,1970-01-01 00:22:16,276902.6502453693,242796.64162752652,338835.227240319,997,1970-01-01 00:22:16,0.362825810930653,6.556781970261253,2.863206794741663
571,997,1970-01-01 00:22:17,48990.37833415033,46592.76557803737,51857.878561586906,997,1970-01-01 00:22:17,-0.5035683749626597,5.255618344470064,5.321725815917549
572,998,1970-01-01 00:22:16,1649.1723856560038,1636.2391250159994,2195.0364236,998,1970-01-01 00:22:16,-0.3346913287570756,3.0092659033248923,9.185645654569552
573,1000,1970-01-01 00:22:16,28779.704515542056,24746.68560690267,29731.68021152969,1000,1970-01-01 00:22:16,-1.0547844376398028,3.755958742006802,6.204790793927559
574,1006,1970-01-01 00:22:16,14626.12893740051,12926.945511960517,15862.261895000527,1006,1970-01-01 00:22:16,0.8735965874466729,2.3631007700404667,7.176608885934143
575,1015,1970-01-01 00:22:16,88267.67569179731,75023.35406337629,99974.02859665602,1015,1970-01-01 00:22:16,-0.9242285975364107,6.360953549717598,3.624592045132802
576,1015,1970-01-01 00:22:17,83754.76213673741,64188.21257813644,101039.2089556205,1015,1970-01-01 00:22:17,-0.7621353616326707,7.0481965678448,3.92439101238258
577,1017,1970-01-01 00:22:16,567.1473523000079,383.6003435000047,1254.9888500000286,1017,1970-01-01 00:22:16,1.2214013116802094,9.278561524047825,1.9042529668957138
578,1027,1970-01-01 00:22:16,198659.39979981285,214872.02994920127,246279.71379938727,1027,1970-01-01 00:22:16,-0.4897898902375635,-1.947523754542166,1.5957836479944827
579,1029,1970-01-01 00:22:16,3782.874314699942,3630.502182999942,4214.894311499931,1029,1970-01-01 00:22:16,0.9586784491662195,1.344424743410435,6.306292506724008
580,1031,1970-01-01 00:22:16,937.2297405559927,1098.3516343999868,1935.495541123994,1031,1970-01-01 00:22:16,-0.3536127093317007,8.506966965056572,0.44356695702812615
581,1033,1970-01-01 00:22:16,131481.47735376196,124393.3730329994,143867.7430398474,1033,1970-01-01 00:22:16,-0.6474390590752557,0.7382670914049079,1.9712821608110047
582,1035,1970-01-01 00:22:16,17331.035583426285,15033.749487090481,17679.783812379985,1035,1970-01-01 00:22:16,-2.2282865839034423,1.847147776704597,2.82530830025349
583,1036,1970-01-01 00:22:16,25090.2772698391,25604.456715367083,29063.855289236508,1036,1970-01-01 00:22:16,-0.18218414307936845,-0.12822693497546847,1.7954011409572037
584,1037,1970-01-01 00:22:16,68362.02717713412,67986.6695669141,107147.20955855965,1037,1970-01-01 00:22:16,2.401445528485504,1.7155594884270278,2.485587503325465
